pv_prod_factor,wind_prod_factor
0,0
0,0
0,0
0,0
0,0
0,0
0,0
0.01489,0
0.132857,0
0.476353,0
0.442406,0
0.382245,0
0.163531,0
0.200551,0
0.24823,0
0.049439,0
0.000983,0
0,0
0,0
0,0
0,0
0,0
0,0
0,0
0,0
0,0
0,0
0,0
0,0
0,0
0,0
0.020206,0
0.500149,0
0.545709,0
0.51465,0
0.485645,0
0.165837,0
0.202136,0
0.003918,0
0,0
0.038701,0
0,0
0,0
0,0
0,0
0,0
0,0
0,0
0,0
0,0
0,0
0,0
0,0
0,0
0,0
0.166846,0
0.535663,0
0.578385,0
0.547918,0
0.518301,0
0.52671,0
0.563765,0
0.5823,0
0.430493,0
0.046594,0
0,0
0,0
0,0
0,0
0,0
0,0
0,0
0,0
0,0
0,0
0,0
0,0
0,0
0,0
0.014203,0
0.560825,0
0.488132,0
0.473006,0
0.519497,0
0.520728,0
0.553056,0
0.56645,0
0.429612,0
0.049563,0
0,0
0,0
0,0
0,0.001624844
0,0
0,0
0,0
0,0
0,0
0,0
0,0
0,0
0,0
0,0
0.118701,0
0.330343,0
0.553132,0
0.52684,0
0.509354,0
0.512147,0
0.542328,0
0.553271,0
0.40389,0
0.048277,0
0,0
0,0
0,0
0,0
0,0
0,0
0,0
0,0
0,0
0,0
0,0
0,0
0,0
0,0
0.143626,0
0.280496,0
0.387015,0
0.440167,0
0.42539,0
0.371934,0
0.42751,0
0.422172,0
0.407401,0
0.001755,0
0,0
0,0
0,0
0,0
0,0
0,0
0,0
0,0
0,0
0,0
0,0
0,0
0,0
0,0
0.118056,0
0.427377,0
0.508813,0
0.45475,0
0.40464,0
0.387769,0
0.44105,0
0.374251,0
0.409606,0
0.054957,0
0,0
0,0.104221601
0,0.108280204
0,0.027066892
0,0.457631363
0,1
0,0.939091981
0,0.892944779
0,0.010323012
0,0
0,0.188810283
0,0.14302237
0,0.012393891
0,0.105268844
0.164377,0.013897089
0.517145,0.054110601
0.556279,0.069005481
0.525971,0.002198302
0.494609,0.058307939
0.49738,0.173387829
0.528575,0.287000861
0.541336,0.2185704
0.417271,0.100946974
0.057158,0.158811026
0,0.170168478
0,0.075682924
0,0.034663757
0,0
0,0
0,0
0,0
0,0
0,0
0,0
0,0
0,0
0,0
0,0.030941356
0.056316,0.020486837
0.237754,0.001320217
0.553535,0
0.522147,0
0.438646,0
0.492665,0.003894214
0.522165,0
0.350595,0.010066002
0.320428,0.01249585
0.044316,0.010413123
0,0.004859184
0,0.00104085
0,0
0,0
0,0
0,0
0,0
0,0
0,0
0,0
0,0
0,0
0,0
0,0
0.056799,0
0.282145,0
0.54821,0
0.520909,0
0.491306,0
0.391837,0
0.52152,0
0.535183,0
0.420221,0
0.067134,0
0,0
0,0
0,0
0,0
0,0
0,0
0,0
0,0
0,0
0,0
0,0
0,0
0,0
0,0
0.163504,0
0.503361,0
0.548734,0
0.519206,0
0.489517,0
0.492023,0
0.520792,0
0.536101,0
0.427808,0
0.078508,0
0,0
0,0
0,0
0,0
0,0.249370417
0,0.07325173
0,0.013127894
0,0.003801479
0,0
0,0
0,0
0,0
0,0
0,0
0.163135,0
0.498034,0
0.541952,0
0.515371,0
0.487205,0
0.489399,0
0.520857,0
0.530245,0
0.348147,0
0.068611,0
0,0.005995751
0,0
0,0
0,0
0,0
0,0
0,0
0,0
0,0
0,0
0,0
0,0
0,0
0,0
0.153133,0
0.484085,0
0.334933,0
0.517481,0
0.488668,0
0.489079,0.006647596
0.518207,0.001049005
0.534675,0.007609447
0.433537,0.014549487
0.092822,0.011138856
0,0.033960211
0,0.043925141
0,0.034615832
0,0
0,0
0,0.011144623
0,0
0,0
0,0
0,0
0,0
0,0
0,0
0,0
0.169406,0
0.524548,0
0.560244,0
0.530943,0
0.499118,0
0.499079,0
0.527333,0
0.544847,0
0.445676,0
0.101805,0
0,0
0,0
0,0
0,0
0,0
0,0
0,0
0,0
0,0.011120271
0,0
0,0
0,0
0,0.027825934
0,0
0.158718,0
0.491215,0.02398651
0.539979,0.028830176
0.513266,0.063089122
0.487143,0
0.408781,0
0.434754,0.014432506
0.53927,0.058872071
0.351698,0.698726943
0.10736,0.960711455
0,1
0,1
0,1
0,1
0,1
0,1
0,1
0,0.132797611
0,0
0,0
0,1
0,1
0,1
0,1
0.17091,1
0.521927,1
0.557853,1
0.524591,1
0.497189,1
0.49917,1
0.52816,1
0.542624,1
0.450017,1
0.109522,1
0,1
0,1
0,1
0,0.949177876
0,0.061306165
0,0.031049391
0,0.049189451
0,0.041562297
0,0.029763404
0,0.030111427
0,0
0,0
0,0
0,0
0.178073,0
0.545976,0
0.582753,0
0.553742,0
0.520739,0
0.519401,0
0.547245,0
0.564498,0
0.474491,0
0.124474,0
0,0
0,0
0,0
0,0
0,0
0,0
0,0
0,0
0,0
0,0
0,0
0,0
0,0
0,0
0.172576,0
0.507494,0
0.556513,0
0.540051,0
0.511779,0
0.511358,0
0.54055,0
0.552848,0
0.296906,0
0.115035,0
0,0
0,0
0,0
0,0
0,0
0,0
0,0
0,0
0,0
0,0
0,0
0,0
0,0
0,0
0,0
0.00164,0
0.055896,0
0.18289,0
0.410825,0
0.37447,0
0.150542,0
0.046523,0
0.10206,0
0.026146,0
0,0
0,0
0,0.005182877
0,0.017675354
0,0.034679003
0,0.066874573
0,0.095547023
0,0.129258718
0,0.149642534
0,0.162186421
0,0.245553369
0,0.420865296
0,0.369801467
0,0.417595119
0.145516,0.222718054
0.448437,0.189050968
0.516472,0.051854626
0.515141,0
0.492836,0
0.493355,0.025199546
0.507177,0
0.502863,0.007388539
0.410607,0
0.107269,0
0,0
0,0
0,0
0,0
0,0
0,0
0,0.006048162
0,0.018481365
0,0.066822832
0,0.045487637
0,0.026408343
0,0.035531212
0,0.139116953
0,0.070946467
0.049885,0.67989759
0.024943,0.571012291
0.129108,0.014410998
0.324374,0.11766144
0.22432,0.021365723
0.359455,0.392697671
0.001435,1
0.456242,1
0.448098,0
0.124147,0
0,0.538802361
0,0.512550037
0,0.130406102
0,0.120552876
0,0.165221437
0,0.110156503
0,1
0,1
0,1
0,0.13731331
0,0.086845018
0,0
0,0
0,0
0.175072,0
0.202371,0
0.039998,0
0.236058,0
0.140106,0
0.093766,0
0.152035,0
0.274525,0
0.030494,0
0.010549,0
0,0
0,0
0,0
0,0
0,0
0,0
0,0
0,0
0,0
0,0
0,0
0,0.118578594
0,0.40919129
0,0.415322951
0.158796,0.541420253
0.489292,0.622210137
0.557114,0.35829304
0.549051,0.02756958
0.519871,0.320372367
0.519024,0
0.532183,0.059682998
0.539977,0
0.460254,0
0.134437,0
0,0.036949542
0,0.038376483
0,0.018736949
0,0.023281602
0,0
0,0.276633694
0,0.277805021
0,0.226266645
0,0
0,0
0,0
0,0
0,0
0,0
0.123807,0
0.371932,0.029832378
0.57605,0
0.397001,0.022522828
0.344544,0
0.324406,0.062062066
0.15911,0
0.105525,1
0.350851,1
0.004292,0.998213338
0,0.971895418
0,0.153923876
0,0.054477088
0,0.281973315
0,0.599396543
0,0.304173834
0,0.080915741
0,0.027690806
0,0.082773466
0,0.021742006
0,0.013171013
0,0.006700547
0,0
0,0
0.177434,0.00352981
0.254664,0
0.584101,0
0.566007,0
0.534331,0
0.533569,0
0.561793,0.020547164
0.586589,0
0.527549,0
0.163415,0
0,0
0,0
0,0
0,0
0,0
0,0
0,0
0,0
0,0
0,0
0,0
0,0
0,0
0,0
0.203632,0
0.559939,0
0.598399,0
0.561773,0
0.531711,0
0.530526,0
0.557627,0
0.582876,0
0.530079,0
0.177465,0
0,0
0,0
0,0.022108473
0,0.069186564
0,0.011729153
0,0.01870724
0,0.075872281
0,0.244037714
0,0.186797334
0,0.374226561
0,0.187602713
0,0
0,0
0,0
0.192419,0
0.527052,0
0.576957,0.009719223
0.55564,0
0.529399,0.003010678
0.528582,0
0.556167,0.005262995
0.578145,0.010426145
0.354986,0.395219257
0.123756,1
0,0.071974334
0,0.025519502
0,0
0,0
0,0.123897109
0,0.365602824
0,0
0,0.427899007
0,0.044451481
0,0.367080171
0,0.622802846
0,0.002512643
0,0
0,0.000864923
0.183733,0.055433947
0.513338,0.109651587
0.577572,0
0.556114,0
0.533079,0.067344385
0.209905,0.137488604
0.247531,0.337534317
0.239442,0.0943392
0.151107,0.15448522
0.131868,0.131217037
0,0.44366288
0,0.549852873
0,0.888239368
0,0.283324883
0,0.228811206
0,0.102991079
0,0.028004017
0,0.014867319
0,0.079643165
0,0
0,0
0,0
0,0
0,0
0.211214,0
0.271611,0
0.594685,0
0.564359,0
0.537401,0
0.535772,0
0.563326,0
0.586527,0
0.533055,0
0.188031,0
0,0
0,0
0,0
0,0
0,0
0,0
0,0
0,0
0,0
0,0
0,0
0,0
0,0
0,0
0.096223,0
0.515993,0
0.57112,0
0.56523,0
0.539044,0
0.541153,0
0.570037,0
0.592521,0
0.541144,0
0.198721,0
0,0
0,0
0,0
0,0
0,0
0,0
0,0
0,0
0,0
0,0
0,0
0,0
0,0
0,0
0.151822,0
0.448945,0
0.612713,0
0.252175,0
0.332436,0
0.33135,0
0.576066,0
0.592874,0
0.536281,0
0.200038,0
0,0.001622724
0,0
0,0
0,0
0,0
0,0
0,0
0,0
0,0
0,0
0,0
0,0
0,0
0,0
0.219294,0
0.537354,0
0.585206,0
0.56051,0
0.533621,0
0.533316,0
0.556313,0
0.577858,0
0.528461,0
0.182527,0
0,0.189053382
0,0.972139938
0,1
0,1
0,1
0,1
0,0.992049864
0,1
0,0.992276424
0,0.07238523
0,0.034771911
0,0
0,0
0,0
0.193048,0
0.396365,0.016514261
0.535073,0
0.535784,0
0.523591,0
0.488898,0
0.518102,0
0.561794,0
0.460375,0.098341931
0.166994,0.30047371
0,0.650339085
0,0.717496087
0,0.768604343
0,0.402894613
0,0.247113117
0,0.513980202
0,0.18102178
0,0.441088926
0,0.105660455
0,0.09390328
0,0
0,0
0,0
0,0
0.21118,0
0.523221,0
0.577194,0
0.559425,0
0.534121,0
0.531639,0
0.554601,0.007868901
0.574118,0.007522288
0.522889,0.021344662
0.212089,0.04475125
0,0.09658111
0,0.145110231
0,0.098929293
0,0.106991998
0,0.073014446
0,0
0,0
0,0
0,0
0,0
0,0
0,0
0,0
0,0
0.218083,0
0.530097,0
0.580337,0
0.560811,0
0.535673,0
0.532827,0
0.551393,0
0.565601,0
0.516079,0.004308544
0.21088,0.039883658
0,0.068821292
0,0.087712369
0,0.0212711
0,0
0,0
0,0
0,0
0,0
0,0
0,0
0,0
0,0
0,0
0,0
0.221142,0
0.523807,0
0.568666,0
0.553613,0
0.530532,0
0.530325,0
0.556828,0
0.574534,0
0.526902,0
0.22385,0
0,0.011157458
0,0.024645891
0,0.009428172
0,0.002239804
0,0.016128017
0,0
0,0
0,0
0,0
0,0
0,0
0,0
0,0
0,0
0.246697,0
0.562396,0
0.600101,0
0.573456,0
0.5435,0
0.542334,0
0.56547,0
0.579541,0
0.525211,0
0.213987,0.020118764
0,0.071913733
0,0.061490356
0,0.032875764
0,0
0,0
0,0
0,0.133771802
0,0.152848553
0,0.124800574
0,0.138108478
0,0.000879416
0,0
0,0
0,0
0.266054,0
0.589384,0
0.632274,0
0.60039,0
0.57221,0
0.569635,0
0.591517,0.040935834
0.606473,0
0.556591,0
0.234551,0.024743738
0,0.034437741
0,0.010202735
0,0
0,0.083274738
0,0.140975286
0,0
0,0.044351023
0,0.00738164
0,0
0,0
0,0.036713735
0,0.021744005
0,0.12764087
0,0.003337547
0.259436,0
0.569183,0
0.613804,0
0.58592,0
0.558582,0.004863413
0.556522,0
0.576296,0.000299093
0.596272,0
0.546288,0.095517586
0.244616,0.065138971
0,0
0,0.016788991
0,0
0,0
0,0
0,0
0,0
0,0
0,0
0,0
0,0
0,0
0,0
0,0
0.264881,0
0.560133,0
0.589827,0
0.563404,0
0.540579,0
0.541168,0
0.56627,0
0.591363,0
0.538222,0
0.2544,0
0,0
0,0.001339844
0,0
0,0
0,0
0,0
0,0
0,0
0,0
0,0
0,0
0,0
0,0
0,0
0.267084,0
0.581802,0
0.63215,0
0.556099,0
0.410821,0
0.434375,0
0.491,0
0.606281,0
0.226512,0
0.128768,0
0,0
0,0.038433541
0,0
0,0
0,0.013401675
0,0.064805097
0,0.005212018
0,0
0,0.014260098
0,0
0,0
0,0
0,0
0,0
0.291336,0.024095535
0.617079,0.280886195
0.658922,0.03303316
0.630336,0.76188683
0.596158,1
0.581506,1
0.589471,1
0.609516,1
0.560405,1
0.238965,1
0,1
0,1
0,1
0,1
0,1
0,1
0,1
0,1
0,1
0,1
0,1
0,1
0,1
0,1
0.023681,1
0.063371,1
0.161014,0.950122243
0.248543,0.15919933
0.119911,0.930570247
0.085598,0.962220021
0.05172,1
0.048467,1
0.014234,1
0.00216,1
0,1
0,1
0,1
0,1
0,1
0,1
0,1
0,1
0,1
0,1
0,1
0,1
0,1
0,1
0.276277,1
0.579522,1
0.421446,1
0.479526,1
0.468437,1
0.392182,0.766425399
0.510858,0.589612828
0.562681,0.265608304
0.342183,0.290764426
0.115367,1
0,1
0,1
0,0.49707818
0,1
0,1
0,1
0,1
0,1
0,1
0,0.121311604
0,0
0,0.253080584
0,1
0,1
0.14603,1
0.340621,1
0.545656,0.470777834
0.283268,0
0.44321,0.028871441
0.446603,0
0.178605,0.004462985
0.306096,0.330400224
0.207054,0.487789961
0.043963,0.973464694
0,0.975814842
0,0.58270352
0,0.171828235
0,0.018871025
0,0
0,0
0,0
0,0
0,0
0,0
0,0
0,0.000661885
0,0.018792949
0,0
0.253459,0
0.540517,0.003747999
0.607493,0.043486859
0.5812,1
0.572885,1
0.500188,1
0.526692,0.970169844
0.447444,0.289113914
0.252564,0.143724902
0.238401,0.443597137
0,0.968137842
0,0.088614806
0,0.015574535
0,0.133273394
0,0
0,0.029264838
0,0.025080256
0,0
0,0
0,0
0,0.033932625
0,0.031139293
0,0.008736936
0,0.045901187
0.173015,0.04494455
0.453618,0
0.529972,0
0.615026,0.018720058
0.56975,1
0.614636,1
0.636339,0.985429721
0.604943,1
0.603965,1
0.314831,1
0,1
0,1
0,1
0,1
0,1
0,1
0,1
0,1
0,0.292080597
0,1
0,0.305102536
0,0.006013205
0,0
0.000286,0.973586784
0.338455,0.966036522
0.536443,0
0.581162,0
0.566724,0
0.56647,0
0.530438,0
0.597631,0
0.524896,0
0.574278,0
0.315518,0
0,0.023049614
0,0
0,0
0,0
0,0
0,0
0,0
0,0
0,0
0,0
0,0
0,0
0,0
0.000612,0
0.305819,0
0.622998,0
0.66145,0
0.589206,0
0.601891,0
0.609937,0
0.634912,0
0.642676,0.004871976
0.589246,0.010019089
0.316273,0
0,0.126445518
0,0.241676856
0,0.433751432
0,1
0,1
0,1
0,1
0,1
0,1
0,1
0,1
0,0.970231916
0,0.112955305
0.000297,0.036507597
0.293046,0.032991654
0.640821,0.048328643
0.695709,1
0.689451,1
0.659594,1
0.656459,1
0.677588,1
0.69214,1
0.634922,1
0.249874,1
0,1
0,1
0,0.956682949
0,0.315360216
0,0.121542083
0,0
0,0.008076713
0,0
0,0
0,0
0,0
0,0
0,0
0.001631,0
0.351727,0
0.64896,0
0.69204,0
0.668187,0
0.645445,0
0.642526,0
0.663016,0
0.687673,0
0.643834,0
0.327467,0
0.000874,0
0,0.00893608
0,0
0,0
0,0
0,0
0,0
0,0
0,0
0,0
0,0
0,0
0,0
0.000503,0
0.206048,0
0.165499,0
0.662907,0
0.623713,0
0.104706,0.017422997
0.116293,0.035889125
0.183984,0.022108887
0.197663,0.046098708
0.090653,0.019213243
0.088593,0.063031933
0,0.0545212
0,0.010617953
0,0.021313874
0,0
0,0
0,0
0,0
0,0
0,0
0,0
0,0
0,0
0,0
0.000941,0
0.244677,0
0.261011,0
0.637968,0
0.349179,0
0.465461,0
0.256928,0
0.122656,0
0.337093,0.015015109
0.142252,0
0.040748,0
0,0
0,0
0,0.005771973
0,0
0,0.041411296
0,0.024701389
0,0
0,0
0,0
0,0
0,0
0,0
0,0
0,0
0.115022,0
0.239763,0
0.461049,0
0.499013,0
0.667593,0
0.540367,0
0.689693,0
0.706962,0
0.652191,0
0.338452,0.045320252
0.003253,0.070256703
0,0.189710796
0,0.327648356
0,0.359358802
0,0.537010329
0,0.929020064
0,0.693527605
0,0.447678805
0,0.259527913
0,0.381619587
0,0.521995847
0,0.390365177
0,0.475328587
0.007341,0.078589728
0.409944,0
0.678742,0
0.706754,0
0.672521,0
0.641392,0.001582038
0.633959,0.036712737
0.656938,0.006949269
0.681199,0
0.643,0.010344498
0.349744,0
0.003941,0
0,0
0,0
0,0
0,0
0,0
0,0
0,0
0,0
0,0
0,0.01608946
0,0.018503297
0,0
0.007145,0
0.392417,0.01687796
0.670484,0.01441328
0.707347,0.112373139
0.685341,0.104117818
0.662536,0.135700048
0.658448,0.0630171
0.67701,0.04450821
0.687567,0.008889126
0.638854,0.016054605
0.355222,0
0.004215,0.003736422
0,0.067081936
0,0.194723957
0,0.079926585
0,0.007319516
0,0
0,0
0,0
0,0
0,0
0,0.022634507
0,0
0,0.059769172
0.007627,0
0.343345,0
0.647784,0
0.680659,0
0.662063,0
0.637631,0.018644536
0.638738,0.028915786
0.643615,0
0.674119,0.027753162
0.620873,0.009552374
0.34479,0
0.003965,0
0,0.005860993
0,0
0,0
0,0.420937644
0,0.307278989
0,0.146182185
0,0.723004692
0,1
0,1
0,0.137039806
0,0.387360242
0,0.583236513
0.000994,0.344783672
0.111183,1
0.230531,0.957536096
0.607678,1
0.550245,1
0.573898,1
0.659364,1
0.509126,1
0.587499,1
0.455892,1
0.317533,1
0.004134,1
0,1
0,1
0,1
0,0.833584402
0,1
0,0.028706771
0,0.37942706
0,0.361974262
0,0.452967598
0,0.128079038
0,0.043001693
0,0.909090921
0.012337,0.996292475
0.400504,0.12342371
0.647434,1
0.681324,0
0.660733,0
0.63653,0
0.635938,0
0.657072,0
0.673342,0
0.631769,0
0.371511,0
0.004848,0.081150321
0,0
0,0.002965686
0,0.029485145
0,0
0,0
0,0
0,0.749329363
0,0.258371544
0,0.752123501
0,0.36652396
0,1
0,1
0.031114,0.550716188
0.415124,0.563022599
0.659928,1
0.694173,1
0.670394,1
0.504256,1
0.648236,1
0.665572,1
0.683017,1
0.535397,1
0.2988,1
0.00509,1
0,1
0,1
0,0.432443618
0,1
0,1
0,1
0,1
0,1
0,0.296374852
0,0.045421843
0,0
0,0.110801838
0.039042,0.125963766
0.460164,0.100949079
0.703729,0.150981838
0.733113,0.247864879
0.711259,0.128393237
0.689202,0.194228138
0.687427,0.827718675
0.704739,1
0.718751,0.562511837
0.678664,0.809611638
0.424452,1
0.010517,0.846998437
0,0.144356234
0,0.146059802
0,0.458157357
0,0.426434404
0,0.122965354
0,0.299222621
0,0.173884186
0,0.010766808
0,0
0,0.007674175
0,0
0,0
0.000221,0
0.048622,0
0.160205,0
0.348052,0
0.337997,0
0.390689,0.008447586
0.308236,0
0.237498,0
0.114105,0.000588575
0.101373,0.008533604
0.064076,0.022739581
0,0
0,0.008506738
0,0.017136175
0,0.027177445
0,0.022676186
0,0
0,0
0,0
0,0
0,0
0,0
0,0
0,0
0.050808,0
0.469359,0
0.68738,0
0.526865,0
0.514183,0
0.308275,0
0.307149,0.008325488
0.238859,0.011330285
0.191926,0
0.083473,0
0.037567,0
0,0
0,0
0,0
0,0
0,0
0,0
0,0
0,0
0,0
0,0
0,0
0,0
0,0
0.057863,0
0.481647,0
0.686849,0
0.704571,0
0.678886,0
0.657856,0
0.657937,0
0.672813,0
0.685386,0
0.649891,0
0.423597,0
0.033435,0
0,0
0,0
0,0
0,0.055280685
0,0.970709134
0,1
0,1
0,1
0,1
0,0.231115866
0,0.038040892
0,0
0.069832,0.027631548
0.471103,0.230703727
0.661309,1
0.68843,1
0.672991,0.994752422
0.653702,0.243028317
0.651694,0.044393883
0.668475,1
0.686457,1
0.651162,0
0.425716,0
0.035872,0
0,0
0,0
0,0
0,1
0,0.627444573
0,0.603520484
0,0.214912773
0,0.008471254
0,0
0,0.077090215
0,0.457823379
0,0.749961875
0.079344,0.011031289
0.488321,0.005784503
0.686996,0
0.704936,0
0.682889,0.010113757
0.66276,0.037545807
0.658954,0.001963687
0.671306,0.037765827
0.689323,0
0.646171,0.014234495
0.425161,0
0.036309,0.024257693
0,0
0,0.024681441
0,0.035113728
0,0
0,0
0,0.008342306
0,0
0,0
0,0.014997791
0,0.068030688
0,0.008716877
0,0.046974248
0.086718,0.27446258
0.484461,0.040399817
0.6679,0.030139898
0.700153,0
0.676328,0.271031257
0.658488,0.061045869
0.659612,0.21640933
0.669426,0.317308668
0.681878,0.459212657
0.641754,0.248043411
0.414569,0.103160471
0.035321,0.178055644
0,0.232539661
0,0.042884389
0,0
0,0
0,0
0,0
0,0
0,0
0,0
0,0
0,0
0,0
0.093176,0
0.490748,0
0.667556,0.058309481
0.696958,0.022078133
0.677777,0.022361493
0.659029,0.023651007
0.652956,0
0.660672,0.034473651
0.671944,0.118271966
0.633132,0.082283201
0.412616,0.041278086
0.036828,0.065394179
0,0.046532754
0,0.025162699
0,0
0,0
0,0
0,0
0,0
0,0
0,0
0,0
0,0
0,0.001580327
0.089705,0
0.45096,0
0.634287,0
0.666772,0
0.662951,0
0.644455,0
0.64401,0
0.651674,0
0.660406,0
0.619414,0
0.36468,0
0.025835,0
0,0.035346279
0,0.000483919
0,0.072631253
0,0.019426165
0,0.269118166
0,0.030848618
0,0.029470221
0,0
0,0
0,0.01089857
0,0.01089857
0,0.022620261
0.1112,0.099749398
0.501644,0.009700988
0.65886,0.092105975
0.678734,0.037533071
0.66302,0.091810077
0.648004,0.047652728
0.648514,0.029679385
0.661929,0.00035667
0.681524,0
0.646012,0
0.437669,0.101765227
0.046198,0.517945431
0,0.111667884
0,0
0,0
0,0.021220527
0,0.00952858
0,0.034413122
0,0.028994739
0,0.019701173
0,0.060068986
0,0.073871685
0,0.045084224
0,0
0.107774,0
0.454349,0.007531238
0.635862,0
0.67031,0
0.669959,0
0.658428,0
0.658824,0
0.668185,0
0.67986,0
0.633918,0
0.410652,0
0.042055,0
0,0.027336452
0,0.038716873
0,0
0,0
0,0
0,0
0,0
0,0
0,0.039205275
0,0.03053699
0,0.044978219
0,0.012280021
0.078809,0.008152425
0.311323,0
0.646214,0
0.679119,0.003202741
0.673586,0
0.658545,0
0.658293,0.005649986
0.673069,0
0.691101,0
0.645632,0
0.432273,0
0.048415,0.381140048
0,0.624413349
0,0.283230521
0,0.030606783
0,0.053176549
0,0
0,0
0,0
0,0
0,0.012493623
0,0
0,0.0104473
0,0.029567848
0.135342,0.030952388
0.561208,0.009519453
0.713465,0
0.718157,0.002535989
0.686811,0.010019089
0.663834,0.016779128
0.657232,0.021137872
0.668133,0
0.691589,0
0.668721,0
0.319473,0
0.062374,0.036417571
0,0.047004289
0,0
0,0
0,0
0,0
0,0
0,0
0,0
0,0
0,0
0,0
0,0
0.146717,0.028620181
0.54972,0
0.254405,0
0.172457,0
0.518201,0
0.558791,0
0.373276,0
0.370161,0
0.241568,0
0.088105,0
0.01423,0
0,0.003302422
0,0.074618019
0,0.076973045
0,0.036581256
0,0
0,0
0,0
0,0
0,0
0,0
0,0
0,0.003953094
0,0
0.084905,0
0.552025,0.055068684
0.700754,0.036753281
0.727007,0.018513356
0.708305,0.029402645
0.696453,0.034106107
0.701159,0.000660683
0.724558,0
0.737007,0.048912365
0.709047,0.208164998
0.486976,0.38955506
0.073215,0.218408633
0,0.536372177
0,0.650141234
0,1
0,1
0,1
0,1
0,1
0,1
0,1
0,1
0,0.133944344
0,0.17484257
0.169156,0.109693483
0.599979,0.153501489
0.747994,0.090286858
0.763264,0
0.614457,1
0.456192,1
0.485199,1
0.339915,1
0.753545,1
0.708879,1
0.47793,1
0.077152,1
0,1
0,1
0,1
0,1
0,1
0,1
0,1
0,1
0,1
0,1
0,1
0,1
0.170783,0.889124658
0.606451,0.181021626
0.741698,0.391149054
0.754689,1
0.737216,1
0.721627,1
0.721248,1
0.740969,1
0.752049,1
0.71926,1
0.506871,1
0.090073,1
0,1
0,1
0,0.37731235
0,0.140082067
0,0.547247462
0,0.081066397
0,0
0,0.132776296
0,0.058732003
0,0.598812566
0,1
0,0.081544137
0.191584,0.016967334
0.62717,0.101299144
0.758373,0.061846762
0.764791,0.06690579
0.745658,0
0.725893,0.012081443
0.720721,0.447722081
0.732564,0.607590193
0.740866,0.788170851
0.691358,0.598895858
0.476138,0.607594112
0.086052,0.296481688
0,0.030377454
0,0
0,0
0,0
0,0
0,0
0,0
0,0
0,0
0,0
0,0
0,0
0.171229,0
0.588783,0
0.714024,0
0.731156,0
0.71577,0
0.625707,0
0.705868,0
0.722994,0
0.734643,0
0.695232,0
0.470959,0
0.088984,0
0,0
0,0
0,0
0,0
0,0
0,0
0,0
0,0
0,0
0,0
0,0
0,0
0.203048,0
0.617608,0
0.731454,0
0.739514,0
0.715833,0
0.695941,0
0.689838,0
0.699863,0
0.711574,0
0.670767,0
0.477011,0
0.095602,0
0,0.005504924
0,0
0,0
0,0
0,0
0,0
0,0
0,0
0,0
0,0
0,0
0,0
0.185785,0
0.571838,0
0.681032,0
0.707081,0
0.696501,0
0.683013,0
0.682103,0
0.694712,0
0.707999,0
0.670543,0
0.493191,0.079558132
0.107054,0.121521329
0,0
0,0
0,0.018484629
0,0.059751537
0,0.7292114
0,0.967881916
0,0.973098308
0,0.667978067
0,0.009489318
0,0.041030528
0,0.044951994
0,0.041384967
0.210002,0
0.609983,0
0.700217,0
0.716945,0
0.707577,0.016651315
0.694399,0
0.694342,0
0.708928,0
0.726394,0
0.687778,0
0.500368,0.005369405
0.104892,0.023670733
0,0
0,0
0,0
0,0.005547474
0,0.026871662
0,0
0,0
0,0
0,0
0,0
0,0
0,0
0.193441,0
0.592245,0
0.706719,0
0.721636,0
0.702756,0
0.687768,0.013198636
0.692588,0
0.442357,0.019942219
0.715061,0
0.678687,0.175599472
0.490864,0.229073391
0.104137,0.863713819
0,0.990617249
0,1
0,1
0,0.772133374
0,0.712221809
0,0.407700153
0,0.596188345
0,0.515702322
0,0.03243865
0,0.012859767
0,0.030763899
0,0.021864356
0.212524,0.065703754
0.614144,0.035621225
0.712232,0.027776969
0.719603,1
0.705166,1
0.687802,1
0.681762,1
0.687249,0.730356278
0.692044,0.001605081
0.649175,0.607455178
0.47481,0.676585471
0.111016,1
0,0.956595348
0,0.169146274
0,1
0,1
0,1
0,0.296140412
0,0.211807859
0,0.618492566
0,0.046951503
0,0.319531275
0,0.13646704
0,0.217758057
0.255519,0.088980942
0.640031,0.111947922
0.730571,0.005027531
0.729213,0.016755035
0.70634,0.055899083
0.696338,0
0.701079,0
0.718628,0
0.73083,0
0.584004,0
0.282029,0
0.121508,0.002756899
0,0.026721035
0,0
0,0.002569327
0,0
0,0
0,0
0,0
0,0
0,0
0,0
0,0
0,0
0.224919,0
0.315749,0
0.652494,0
0.646938,0
0.614818,0
0.630202,0
0.607736,0
0.535355,0
0.720567,0
0.657544,0
0.432474,0
0.081747,0
0,0.041601114
0,0.032250206
0,0.067247224
0,0.040387629
0,0.035184851
0,0.00653864
0,0
0,0.004863413
0,0.008354679
0,0.048788355
0,0.048878888
0,0.031298523
0.252477,0.025469112
0.67834,0.024083777
0.781387,0.007779234
0.791871,0
0.775443,0
0.758468,0.014604502
0.75345,0
0.765669,0
0.757554,0
0.688147,0
0.543435,0.000972368
0.130058,0.139042474
0,0.412270183
0,0.182462299
0,0.425597417
0,0.161187452
0,0.23717585
0,0.216300841
0,0.055020395
0,0
0,0.082027288
0,0.138285461
0,0.082585793
0,0.009264914
0.279211,0.122294746
0.689634,0.030790516
0.777981,0
0.779663,0
0.76436,0
0.747645,0
0.744663,0.027106254
0.756412,0
0.760539,0.002232741
0.729468,0.002535131
0.562954,0
0.148556,0.099860082
0,0.028825197
0,0.007197586
0,0
0,0
0,0
0,0
0,0
0,0
0,0
0,0
0,0
0,0
0.284258,0
0.667624,0
0.755481,0
0.760445,0
0.744224,0
0.728862,0
0.726095,0
0.72908,0
0.735193,0.00997056
0.68841,0
0.540978,0
0.143571,0.00890443
0,0.068654009
0,0
0,0
0,0
0,0.007134871
0,0.006134935
0,0
0,0.009643669
0,0.01311367
0,0
0,0.002870853
0,0.014950724
0.278193,0.004041004
0.632356,0
0.717412,0
0.725696,0.010670183
0.719123,0
0.706397,0
0.702835,0.226454097
0.713128,0.992724049
0.724007,1
0.687171,1
0.512123,1
0.137353,1
0,0.614529012
0,1
0,1
0,0.987614673
0,0.520051003
0,0.582509711
0,0.761388094
0,0.289362368
0,0.118977568
0,0.742846919
0,0.140448498
0,0.85447375
0.28748,0.728502732
0.625053,1
0.694551,1
0.707261,1
0.695683,1
0.683022,1
0.679966,1
0.687147,1
0.6921,1
0.666052,1
0.534348,0.713549355
0.155822,1
0,1
0,0.911478244
0,0.836452976
0,1
0,1
0,1
0,1
0,0.428941479
0,0.356051351
0,0.417933964
0,0.177100877
0,0.069893429
0.007913,0.114543773
0.069072,0
0.322128,0.009592781
0.320572,0.232352586
0.156592,0.195055509
0.369906,0.219808083
0.666392,0.058360863
0.434605,0.041196925
0.594722,0.011551053
0.077289,0
0.069861,0
0,0
0,0.030447108
0,0.024592232
0,0
0,0
0,0
0,0.014144945
0,0
0,0.001135756
0,0
0,0.019050963
0,0
0,0
0.311571,0
0.668047,0
0.752288,0
0.75132,0
0.737503,0
0.728967,0
0.731129,0.014833814
0.741089,0
0.752814,0
0.712369,0
0.556585,0.008783057
0.151476,0.246699872
0,0.592310835
0,0.376705522
0,0.006518934
0,0
0,0.014155427
0,0.003172928
0,0
0,0
0,0
0,0
0,0.013599692
0,0.068212786
0.3298,0.046536367
0.693326,0
0.775853,0.004053958
0.772637,0
0.757744,0
0.738813,0
0.732413,0.005737985
0.734204,0.008808782
0.731185,0
0.697405,0
0.553009,0.802025115
0.161314,0.737759258
0,0.505409541
0,0.146234465
0,0.014712045
0,0.02257944
0,0
0,0.080385769
0,0.201244672
0,0.101929976
0,0
0,0
0,0.000511884
0,0.007430482
0.329858,0
0.651555,0
0.726388,0.003035849
0.731362,0.041415942
0.720039,0
0.711708,0.821325649
0.648088,1
0.649529,1
0.493384,1
0.544648,1
0.435472,0.979413021
0.11942,1
0,0.516939272
0,0.023501258
0,0.077620566
0,0.033960211
0,0.052032986
0,0.0629314
0,7.40E-05
0,0.092959635
0,0
0,0.681800108
0,0
0,0.014195472
0,0
0.161578,0
0.388836,0
0.081839,0
0.223124,0
0.360469,0
0.550507,0.007618867
0.39281,0.016158047
0.029964,0
0.285834,0.011206454
0.397463,0
0.041272,0.070702767
0,0.156274048
0,0.159566026
0,0.154114398
0,0.077153005
0,0.015074298
0,0
0,0
0,0
0,0
0,0
0,0
0,0
0.345102,0
0.69415,0
0.775212,0
0.786759,0
0.774335,0
0.373687,0.010036729
0.368547,0.007214958
0.206127,0
0.783378,0.000916669
0.744718,0
0.57984,0
0,0
0,0.013548417
0,0
0,0
0,0
0,0
0,0
0,0
0,0
0,0
0,0
0,0
0,0
0.200079,0
0.685629,0
0.777621,0
0.786478,0
0.781397,0
0.773337,0
0.777124,0
0.786653,0
0.79831,0
0.758964,0.016355604
0.61483,0.022477261
0.186838,0.031019352
0,0.176070319
0,0.028128927
0,0
0,0.28645799
0,0.413083536
0,0.137546131
0,0
0,0
0,0
0,0
0,0
0,0
0.236497,0
0.715109,0
0.786435,0
0.796581,0
0.782226,0
0.775365,0
0.779073,1.92E-05
0.792258,0.032066969
0.795914,0.003660236
0.765093,0
0.620133,0
0.189469,0.074347576
0,0.418340043
0,0.920462932
0,0.965016568
0,0.743398172
0,0.392300622
0,0.058513667
0,0
0,0
0,0.044104398
0,0
0,0
0,0
0.343809,0
0.66241,0
0.745297,0
0.763307,0
0.755722,0
0.748376,0
0.747446,0.021399883
0.753365,0
0.754696,0.476763629
0.712364,0.999489432
0.561835,1
0.169885,1
0,1
0,1
0,1
0,1
0,1
0,1
0,1
0,0.1228682
0,0.019597558
0,0.408694799
0,0.484375455
0,0.24157174
0.279491,0.393551603
0.542949,0.04463107
0.651311,0.020000353
0.727239,0.969891183
0.725159,1
0.729721,1
0.722588,1
0.7265,1
0.727703,1
0.695775,0.995092691
0.574427,0.985897652
0.185373,0.990482248
0,0.955550919
0,0.947427733
0,0.260155132
0,0.001175709
0,0
0,0
0,0.02172676
0,0.119182953
0,0.074475783
0,0
0,0.067863123
0.001959,0.045447908
0.364802,1
0.66036,1
0.735296,1
0.740369,0.317321309
0.740971,0.683447423
0.738721,0.36320963
0.742463,0.463060305
0.754054,0.509755059
0.763104,0.893387004
0.725603,0.979673459
0.584543,1
0.175961,1
0,1
0,1
0,1
0,0.062951004
0,0.052384729
0,1
0,0.97944645
0,0.475848413
0,0.064436716
0,0.033637964
0,0.029855513
0.000401,0
0.331923,0.116580202
0.665431,0.091445837
0.77071,0.024356088
0.784899,0.026239385
0.784176,0.972534673
0.770917,1
0.773212,1
0.775705,1
0.765155,1
0.700788,1
0.536395,1
0.128974,1
0,1
0,1
0,1
0,1
0,1
0,1
0,1
0,1
0,1
0,1
0,1
0.001915,1
0.34609,1
0.632549,1
0.732899,1
0.7447,0
0.741607,0
0.727777,0
0.723875,1
0.725612,1
0.72368,1
0.687777,1
0.562441,1
0.180375,1
0,1
0,1
0,1
0,0.167147274
0,0
0,0.002846718
0,0.060055034
0,0.074347628
0,0.085947695
0,0.01158056
0,0.003322276
0.007512,0
0.336759,0
0.641943,0
0.73117,0
0.746223,0
0.73793,0
0.726194,0
0.72156,0
0.728289,0
0.729059,0
0.687289,0
0.577415,0
0.196322,0.027914517
0,0.893805197
0,0.527145878
0,0.11198062
0,0
0,0
0,0
0,0
0,0
0,0
0,0
0,0
0.027108,0
0.394911,0
0.662189,0
0.723183,0
0.724587,0
0.715197,0
0.701855,0.006149574
0.694794,0
0.695237,0.014243629
0.707791,0.005979169
0.688906,0
0.589109,0
0.209874,0
0,0.01863253
0,0.006681863
0,0.008105693
0,0.010507328
0,0
0,0
0,0
0,0
0,0
0,0
0,0
0.034537,0
0.424975,0
0.690091,0
0.731592,0
0.725331,0
0.722258,0
0.717639,0
0.717115,0
0.726543,0
0.731158,0
0.706832,0.008347149
0.599233,0.045204854
0.205055,0.178120632
0,0.562647101
0,0.41666562
0,0.128515491
0,0
0,0
0,0
0,0
0,0
0,0
0,0
0,0.020134048
0.032906,0
0.41279,0
0.691087,0
0.755126,0
0.755583,0.00804459
0.745639,0.001053481
0.662054,0
0.380206,0
0.404174,0
0.42755,0
0.432137,0.089393716
0.39463,0.201649353
0.088058,0.275673267
0,0.320984964
0,0.209647336
0,0.097210881
0,0.162785294
0,0.227080937
0,0.57881448
0,0.991088905
0,0.890597892
0,0
0,0.009403539
0,0.052932327
0.026779,0.173220249
0.404035,0
0.612141,0
0.630723,0
0.72841,0
0.709809,0
0.712181,0.004026346
0.722187,0
0.737123,0.004553416
0.742099,0.000172157
0.707783,0.019139285
0.60072,0.043473324
0.204011,0.031017764
0,0
0,0
0,0
0,0
0,0
0,0
0,0
0,0
0,0
0,0
0,0
0,0
0.036233,0
0.438335,0
0.606776,0
0.731694,0
0.745225,0
0.738696,0.14068744
0.742556,0.263790813
0.756068,0.15333579
0.761056,0.127795811
0.733487,0.065906532
0.611458,0.031070383
0.209785,0.016518064
0,0.089173052
0,0.011842329
0,0.647357507
0,0.822904203
0,0.528076306
0,0.232129347
0,0.033751638
0,0
0,0
0,0
0,0
0.043272,0
0.433885,0
0.706839,0
0.774946,0
0.780817,0
0.773166,0
0.766461,0
0.76953,0
0.784748,0
0.786527,0
0.757122,0
0.394314,0.000151966
0.036525,0.034668289
0,0.242252894
0,0.765174006
0,0.178766484
0,0.041399472
0,0
0,0
0,0
0,0
0,0
0,0
0,0
0.051206,0
0.442606,0
0.697582,0
0.749175,0
0.739545,0
0.732803,0
0.730548,0
0.734463,0
0.745791,0.022201317
0.755175,0.060890085
0.721934,0.128823638
0.610189,0.235327896
0.220087,0.160117741
0,0.018896695
0,0.034975635
0,0
0,0
0,0
0,0
0,0
0,0
0,0
0,0
0,0
0.000296,0
0.035882,0
0.591654,0
0.68557,0.001228243
0.760467,0
0.752894,0
0.749076,0.035027567
0.754196,0.053076866
0.760927,0.030186347
0.767583,0.023015264
0.728279,0.131360585
0.610268,0.090284212
0.221689,0.997383656
0,1
0,0.762195765
0,0.345195379
0,0.16380573
0,0.021915923
0,0
0,0
0,0.043474827
0,0
0,0.037036178
0,0.031078747
0.048821,0.054261686
0.411438,0.059664682
0.668436,0
0.750155,0.03042438
0.680014,0.007267167
0.773949,0
0.647574,0
0.767776,0
0.685498,0
0.67857,0
0.655974,0
0.488585,0
0.158124,0.272839051
0,0.113720774
0,0.12322054
0,0.735223889
0,0.009195403
0,0
0,0.027340913
0,0.881289592
0,0.469035732
0,0
0,0.003617864
0,0.045770885
0.072338,0.015955242
0.455337,0.039772199
0.679153,0.041713113
0.716209,0.025100867
0.713237,0
0.728719,0.033156845
0.735811,0.024892494
0.745279,0.030208408
0.760365,0.175032371
0.764719,0.227066426
0.738416,0.769023184
0.632509,1
0.172869,1
0,1
0,1
0,0.029487582
0,0
0,0
0,1
0,1
0,1
0,0.098049112
0,0
0,1
0.088254,1
0.493618,1
0.73102,1
0.779215,1
0.774601,1
0.760407,1
0.751065,1
0.750877,1
0.752747,1
0.754736,1
0.729064,1
0.62599,1
0.259153,1
0,1
0,1
0,0.583232588
0,1
0,1
0,1
0,0.203991302
0,0
0,0.005744445
0,0.012110388
0,0.102071813
0.102045,0.132124039
0.505386,0.004680489
0.729914,0
0.780292,0
0.775922,0
0.762318,0
0.747049,0
0.738576,0
0.73477,0
0.729164,0
0.701982,0
0.604266,0
0.25686,0
0,0
0,0
0,0
0,0
0,0
0,0
0,0
0,0
0,0
0,0
0,0
0.103913,0
0.481009,0
0.684853,0
0.733935,0
0.743932,0
0.744613,0
0.74523,0
0.754218,0
0.765373,0
0.7712,0
0.740843,0
0.631692,0
0.259603,0
0,0.100689772
0,0.209647336
0,0.696752394
0,0.182303614
0,0.001505933
0,0
0,0
0,0
0,0
0,0
0,0
0.095645,0
0.485667,0
0.713633,0
0.775446,0
0.78082,0.022724501
0.776966,0
0.762449,0.250891535
0.758312,0.069522668
0.765283,0.084300286
0.772105,0.097981906
0.734536,0.092463775
0.615881,0.01684923
0.243016,0
0,0
0,0.033972333
0,0
0,0
0,0
0,0
0,0
0,0
0,0
0,0
0,0
0.109412,0
0.51113,0
0.718148,0
0.800219,0
0.813382,0
0.809397,0
0.797558,0
0.800381,0.027559402
0.797838,0.040496195
0.795981,0.015159982
0.754,0
0.061697,0.014452654
0.018663,0.024034982
0,0.197755103
0,0.519643122
0,0.317441406
0,0.320984964
0,0.303365018
0,0.096550816
0,0
0,0.061486879
0,0.06857505
0,0
0,0
0.102133,0
0.453738,0.032545178
0.663942,0.078868661
0.734437,0.080470772
0.743338,0.039453228
0.745453,0.039705916
0.736078,0.031134206
0.732418,0
0.727657,0.116374246
0.11506,0.385541184
0.24443,0.535116206
0.287635,0.949242778
0.242213,0.643722913
0,1
0,0.75226274
0,0.851088722
0,0.755007907
0,0.430746488
0,0.157133792
0,0.028085393
0,0.019279053
0,0.008705204
0,0
0,0.023204348
0.113379,0.016685438
0.472449,0.027409751
0.669188,0.046765353
0.734512,0.05518414
0.748444,0.020449317
0.744245,0.035527854
0.735831,0.023647616
0.732151,0
0.730152,0
0.727827,0
0.685475,0.028516253
0.573747,0
0.239873,0.029651183
0,0.011993943
0,0.036401427
0,0.02377405
0,0.00358109
0,0
0,0.005011535
0,0
0,0
0,0
0,0
0,0
0.112535,0.010376163
0.475062,0.046158907
0.673837,0.018705343
0.735912,0.009955209
0.741342,0
0.739471,0.009375576
0.731693,0.012324262
0.726238,0.013214816
0.723956,0.001809676
0.72097,0
0.682424,0
0.571927,0.029077697
0.244029,0.109172788
0,0.432561708
0,0.252549617
0,0.573603655
0,0.302512538
0,0.635562533
0,0.435772798
0,0.318787072
0,0.924875454
0,0.178311984
0,0
0,0.000708419
0.123694,0.022056523
0.489732,0.011802985
0.686618,0.067539563
0.749975,0
0.758574,0
0.758506,0.012204385
0.752112,0
0.751992,0
0.749399,0.039487213
0.745817,1
0.705003,1
0.58347,1
0.241796,1
0,1
0,0.799995995
0,0.249853527
0,0.284351849
0,0.146879265
0,0.302032531
0,1
0,0.955225522
0,0.42372122
0,0.103363392
0,0
0.104947,0.049672584
0.385203,0.076920972
0.72588,0.064312537
0.767378,0
0.770261,0
0.76988,0
0.765809,0
0.772368,0
0.777793,0
0.781532,0
0.740591,0
0.627073,0
0.270056,0.033019987
0,0.134479022
0,0.07320956
0,0.348603132
0,0.14474493
0,0.002333052
0,0
0,0
0,0
0,0
0,0
0,0
0.037256,0
0.193842,0
0.437054,0
0.190444,0
0.499325,0
0.434146,0.002535131
0.501925,0
0.390514,0
0.445585,0
0.546365,0.020735801
0.234963,0.036880979
0.200757,0
0.079473,0.022777481
0,0.031658416
0,0.771980557
0,0.992936663
0,1
0,1
0,1
0,1
0,0.807592482
0,0.833857809
0,0.067600835
0,0
0.142138,0
0.532066,0
0.712794,0
0.764868,0
0.768457,0
0.768473,0.008187107
0.571182,0.039824129
0.135196,0.011156865
0.758834,0
0.623607,0.005008493
0.436621,0.019256673
0.387118,0.003624426
0.275367,0.971168563
0,1
0,1
0,1
0,0.94540368
0,1
0,1
0,0.98924782
0,0.98405236
0,1
0,1
0,1
0.129888,1
0.497299,1
0.675496,0.54478446
0.727652,0.979141864
0.746263,0.987805053
0.74126,0.844552614
0.734699,0.519111383
0.265052,0.586417041
0.739234,0.453268635
0.746777,0.417329071
0.716986,0.153565061
0.606002,0.124974883
0.265485,0.104236057
0,0.015896132
0,0.001703859
0,0.009873284
0,0
0,0
0,0
0,0
0,0
0,0
0,0
0,0
0.13238,0
0.488712,0
0.665258,0
0.728942,0
0.744889,0
0.747561,0.063528525
0.741697,0.042460384
0.739345,0.060979361
0.742412,0.050705351
0.741881,0.054885624
0.717298,0.014899715
0.620243,0.049157025
0.291553,0.252043558
0,1
0,1
0,1
0,1
0,1
0,1
0,0.974475009
0,0.005398242
0,0
0,0.104324497
0,0
0.142335,0.029970539
0.514558,0
0.677603,0
0.727143,0
0.737317,0
0.744571,0.021096184
0.741824,0.039466392
0.742179,0
0.741977,0.214642036
0.739295,1
0.711906,1
0.614773,1
0.291315,1
0,1
0,1
0,0.952662026
0,0.953858088
0,0.953858088
0,0.247999349
0,0.118488191
0,0.157881825
0,0.687030007
0,0.986075057
0,0.781364145
0.140934,0.255317199
0.498308,0.01478887
0.676618,0.071600946
0.739824,0.131722099
0.753261,0.058160243
0.747194,0.053273401
0.737301,0.025426093
0.730095,0.030438016
0.7216,0
0.718583,0
0.680671,0.020127856
0.569756,0.097546087
0.261371,0.187292336
0,0.314262172
0,0.062918567
0,0.031965046
0,0.014270478
0,0.011942799
0,0.027032404
0,0.030155906
0,0.021328658
0,0
0,0
0,0
0.142447,0
0.502587,0
0.671344,0
0.727989,0
0.7399,0
0.741865,0
0.735803,0.002230178
0.734884,0.005534852
0.736384,0.02791928
0.730872,0.047978553
0.702041,0.04275312
0.603366,0.015496594
0.294972,0
0,0.102246224
0,0.004820469
0,0.00725572
0,0
0,0
0,0
0,0
0,0
0,0
0,0
0,0
0.168094,0
0.545856,0
0.698705,0
0.745161,0
0.756292,0
0.75497,0
0.748411,0
0.744946,0
0.73835,0
0.729062,0
0.687373,0
0.492632,0.013985321
0.285829,0.000474587
0,0.01951535
0,0
0,0
0,0
0,0
0,0
0,0
0,0
0,0
0,0
0,0
0.1494,0
0.385469,0
0.582231,0
0.721778,0
0.73845,0
0.708257,0
0.743013,0
0.745025,0
0.749882,0.006620626
0.746617,0
0.727325,0
0.629614,0.019737067
0.303686,0.15290236
0,0.233270465
0,0.407013993
0,0
0,0.106018512
0,0.140817205
0,0
0,0.000542687
0,0.057124402
0,0.061463979
0,0.009445241
0,0.081625716
0.152912,0.038876737
0.535061,0.126775905
0.707895,0.006348859
0.760927,0.032077765
0.771243,0.061501487
0.773246,0.074409813
0.769351,0.020846155
0.772097,0
0.779099,0
0.776029,0.011833428
0.739173,0.005737793
0.619354,0.064099734
0.290633,0.215132961
0,0.349526052
0,0.365844159
0,0.036206885
0,0.272377109
0,0.243525204
0,0.188572138
0,0.053507082
0,0
0,0.046053508
0,0
0,0
0.169242,0
0.555597,0
0.696221,0
0.720512,0
0.723987,0
0.728373,0
0.721225,0.024353086
0.720402,0.010703549
0.716599,0.027833824
0.724239,0.014925379
0.694807,0.03443171
0.596036,0.003066497
0.279681,0.216345579
0,1
0,1
0,0.765258761
0,0.491348628
0,0.517945602
0,0.632246947
0,0.217226527
0,0.010808701
0,0.005563881
0,0
0,0.006826725
0.159324,0
0.527132,0
0.671561,0
0.716684,0
0.722767,0.007065114
0.721671,0.063138693
0.718208,0.018063334
0.719156,0.027072516
0.723728,0.080763164
0.155348,0.61733319
0.006154,1
0.000163,1
0,1
0,1
0,0.870888342
0,0.336673019
0,0.40501973
0,0.533732819
0,0.35602606
0,0.6026382
0,1
0,0.983356773
0,0.519351029
0,0.230448795
0.170214,0.110011466
0.531901,0.033925695
0.664928,1
0.71874,1
0.725723,1
0.721384,1
0.716688,1
0.720736,0.967376702
0.716351,0.952358066
0.717386,0.963970602
0.681292,1
0.40251,1
0.295892,1
0.000964,0.957421334
0,0.588457945
0,0.526044479
0,0.026041721
0,0
0,0
0,0
0,0
0,0
0,0
0,0
0.170111,0
0.530928,0
0.65669,0
0.711882,0
0.726756,0
0.735184,0
0.737523,0
0.745816,0
0.75756,0.020108155
0.75997,0.030218495
0.739075,0.025431193
0.646779,0.003044515
0.336617,0
0.002875,0
0,0.024168265
0,0.27084848
0,0.167834056
0,0.012799875
0,0
0,0
0,0
0,0
0,0
0,0
0.182036,0
0.582948,0
0.736974,0
0.790127,0
0.801312,0
0.800942,0
0.797276,0.001027661
0.797025,0.044880625
0.8038,0.091739511
0.801101,0.047476578
0.778763,0.027517101
0.674871,0
0.356536,0
0.00145,0
0,0.023574264
0,0.906447395
0,0.624077551
0,0.054278987
0,0
0,0
0,0
0,0
0,0
0,0
0.204284,0
0.616002,0
0.758387,0
0.799153,0
0.805011,0
0.80408,0
0.80459,0.032584719
0.810083,0.032833832
0.814934,0.060561174
0.814225,0.055388553
0.783385,0.115097421
0.694803,0.64102336
0.377653,0.999326305
0.006566,1
0,0.955220592
0,0.348229863
0,0
0,0.021275844
0,0.028109794
0,0.065142016
0,0.075483414
0,0.036481166
0,0.001198678
0,0.002217502
0.196464,0
0.601666,0.082600463
0.730018,0.03043009
0.749526,0.027827757
0.75579,0.034095018
0.758535,0.01764764
0.757241,0.026301078
0.754312,0.014350404
0.751116,0
0.750566,0.003820416
0.73693,0.257878943
0.650411,0.269637977
0.353977,0.440810251
0.005469,1
0,1
0,0.186823749
0,0.994696028
0,1
0,1
0,1
0,0.972018601
0,0.01717938
0,0.297280486
0,0.027677392
0.186214,0.109311496
0.583259,0.032091812
0.720655,0.041744992
0.766377,0.093640298
0.768163,0.121696845
0.769152,0.068800505
0.768404,0.016245211
0.771188,0.121002311
0.782222,0.514754579
0.779558,0.932188892
0.756006,0.983258182
0.654245,0.971708657
0.345359,0.948362075
0.00435,0.419022862
0,0.977734712
0,0.954008093
0,1
0,1
0,1
0,0.023851607
0,0.168338396
0,0.059980007
0,0.080363535
0,0.066628557
0.084513,0.046568354
0.291983,0
0.725647,0
0.779752,0
0.783805,0.022714179
0.786521,0.006238595
0.785826,0.018752907
0.78986,0.010509633
0.798756,0.046905665
0.800054,0.039844202
0.763745,0.026363745
0.659435,0.080731576
0.350095,0.136981885
0.00264,0.326178172
0,0.244369659
0,0.068966894
0,0
0,0.012969385
0,0.010621753
0,0.023299967
0,0
0,0.036493064
0,0.067524406
0,0.087682722
0.199131,0.219578263
0.594016,0.032298758
0.727083,0.030889637
0.772838,0.025284506
0.786109,0.00975133
0.780985,0.302687812
0.781701,0.654222534
0.788011,1
0.802986,1
0.797342,1
0.767396,1
0.653039,1
0.338091,1
0.005397,1
0,1
0,1
0,0.082269772
0,0.031586391
0,0.016040038
0,0.007747272
0,0
0,0
0,0
0,1
0.175811,1
0.546736,1
0.68136,1
0.710222,1
0.715382,1
0.727552,1
0.725339,1
0.72218,1
0.720213,0.809400377
0.718432,0.70462676
0.69946,0.889359189
0.611385,0.969014753
0.332513,1
0.014918,1
0,1
0,1
0,1
0,1
0,1
0,0
0,0
0,0.05576718
0,0.031943961
0,0.024289227
0.176233,0.028830176
0.531235,0
0.656337,0.003540166
0.725133,0
0.738551,0
0.74329,0
0.739724,0
0.73525,0.006493126
0.729776,0.018094779
0.725136,0
0.385763,0
0.149872,0
0.319238,0
0.014864,0.007272748
0,0.027873709
0,0.016967693
0,0.037113529
0,0
0,0
0,0
0,0
0,0
0,0
0,0
0.182776,0
0.54017,0
0.681996,0
0.738649,0
0.755087,0
0.754296,0
0.75016,0.009826143
0.746837,0.017616275
0.746838,0.015546739
0.745055,0
0.706855,0.006267708
0.608618,0.016084819
0.335101,0.005903266
0.02268,0.194706491
0,0.55300099
0,0.460170249
0,0.086153433
0,0
0,0
0,0
0,0
0,0
0,0
0,0
0.181067,0
0.532117,0
0.670023,0
0.734717,0
0.753692,0
0.751406,0
0.744211,0
0.735519,0.026248797
0.731439,0.031585485
0.715232,0.019341977
0.674099,0.006126151
0.575658,0.184807227
0.314896,0.360234401
0.016043,0.771861974
0,0.150710622
0,0.027476931
0,0.044791296
0,0.049109671
0,0.058030783
0,0.021824354
0,0.476177411
0,0.451138968
0,0.007524802
0,0.080749194
0.179704,0
0.535756,0
0.661031,0.004306749
0.717693,0.00036913
0.739926,0.022436409
0.73978,0.01105857
0.734748,0.01368612
0.731009,0.021411527
0.73021,0
0.719525,0.006092995
0.685865,0.189106973
0.604248,0.609609202
0.343748,0.949373793
0.026009,0.980175175
0,0.965409268
0,0.485662505
0,0.123007996
0,0.142187458
0,0.077526446
0,0.098458284
0,0.031379343
0,0
0,0
0,0
0.181992,0
0.524386,0
0.645989,0
0.709772,0
0.726435,0
0.729704,0
0.723309,0
0.719919,0
0.712997,0
0.701001,0
0.661387,0
0.619247,0.019362482
0.367817,0.052374931
0.031699,1
0,1
0,1
0,1
0,1
0,1
0,1
0,1
0,1
0,0.967389797
0,0.302235116
0.20555,0.097815766
0.521534,0
0.56448,0
0.660213,0
0.654657,0.030101106
0.66639,0.071499608
0.614103,0
0.619211,0.085540932
0.430232,0.472442575
0.362723,1
0.125302,1
0.097718,1
0.082002,1
0.011215,1
0,1
0,1
0,1
0,1
0,1
0,1
0,1
0,0.984945781
0,0.173030484
0,0.019197902
0.12888,0
0.473134,0.016896955
0.524618,0.043392521
0.483511,0.051107489
0.566617,0.049002504
0.61828,0.041863896
0.623848,0.027072516
0.531157,0
0.484314,0
0.520512,0.118479964
0.408448,0.776986011
0.320673,0.982487034
0.193216,0.778121287
0.012941,0.978052497
0,0.692682327
0,0.662382103
0,0.427508108
0,0.974897134
0,0.962499193
0,0.578047791
0,0.009767701
0,0.033655014
0,0.085807781
0,0.007653842
0.172632,0.103645758
0.500474,0.040909153
0.611624,0.013990289
0.674032,0
0.692287,0
0.701982,0
0.698805,0.00432043
0.695596,0.030360965
0.69133,0.045215693
0.685428,0.026458191
0.649023,0.004052616
0.56219,0
0.325092,0
0.032202,0.075867573
0,0.056175204
0,0.028049218
0,0
0,0.040128712
0,0.051389639
0,0.003746215
0,0
0,0
0,0.034000182
0,0.016999355
0.194153,0.013639021
0.541773,0
0.66255,0
0.713818,0
0.718326,0
0.719914,0.016642881
0.720478,0.031139663
0.7231,0.023222111
0.726335,0
0.68898,0
0.683711,0.243713687
0.608447,0.703116235
0.349011,0.58984806
0.03443,0.524965825
0,1
0,1
0,1
0,1
0,0.957391929
0,1
0,1
0,1
0,1
0,1
0.205113,1
0.576811,1
0.710553,0.271601321
0.762324,0.452436512
0.667764,0.388951122
0.294506,0.075587512
0.760039,0.066957848
0.781245,0.021116306
0.782161,0.010867676
0.777915,0.004709671
0.751556,0.07876612
0.660007,0.067210543
0.387004,0.160320538
0.040356,0.162422052
0,0.266509389
0,0.041193154
0,0
0,0.028041427
0,0
0,0
0,0.017556596
0,0.020075716
0,0.048452358
0,0
0.194638,0
0.557268,0
0.699053,0
0.75944,0
0.769242,0
0.77467,0
0.775596,0
0.778659,0.002448726
0.779787,0
0.777082,0
0.752368,0
0.669544,0
0.398691,0
0.043532,0
0,0.001972768
0,0
0,0
0,0
0,0
0,0
0,0
0,0
0,0
0,0
0.220321,0
0.611967,0
0.744398,0
0.790558,0
0.796682,0
0.79144,0
0.789817,0.012012198
0.793761,0.018712596
0.797496,0.00746474
0.798787,0.010461345
0.77612,0.011780099
0.689719,0.008057413
0.417989,0.009723591
0.047743,0
0,0.01227061
0,0.476650396
0,0.219918231
0,0.009715118
0,0
0,0
0,0
0,0
0,0
0,0
0.235392,0
0.630115,0
0.75692,0
0.800242,0
0.806551,0.009550468
0.801,0.018305156
0.798549,0.043573503
0.794431,0.048537573
0.789851,0.023069517
0.788501,0
0.754655,0.072743158
0.662053,0.368822187
0.395816,0.188233552
0.04617,0.212776528
0,0.109890734
0,0
0,0.026053302
0,0.008756536
0,0
0,0
0,0.022147776
0,0
0,0.010930231
0,0
0.227279,0
0.599916,0
0.72743,0.025711351
0.771837,0.069739639
0.777508,0.063888846
0.769519,0.028421309
0.759572,0
0.752276,0
0.747615,0
0.734938,0.150805078
0.70951,0.223135564
0.624592,0.15037426
0.384327,0.128378245
0.0462,0.087196757
0,0.166458519
0,0.000628107
0,0
0,0
0,0.053327168
0,0.054386963
0,0.06489303
0,0.026874498
0,0
0,0
0.215517,0
0.570396,0
0.6864,0
0.727806,0
0.735518,0
0.732147,0
0.726255,0
0.71959,0
0.714321,0.005240974
0.700816,0.017394556
0.673708,0.00107414
0.608762,0
0.373643,0
0.045471,0.003439231
0,0.029583994
0,0
0,0
0,0
0,0
0,0
0,0
0,0
0,0
0,0
0.207504,0
0.551741,0
0.655791,0
0.710515,0
0.723556,0
0.723278,0
0.721762,0
0.7233,0.01108873
0.729125,0.020211389
0.732729,0.004946548
0.702347,0
0.62068,0.006233107
0.374185,0.005895266
0.045896,0.006595771
0,0.004342798
0,0.092304594
0,0.034952745
0,0
0,0
0,0
0,0
0,0
0,0
0,0
0.235763,0
0.612157,0
0.731571,0
0.769221,0
0.779404,0
0.776862,0
0.772303,0
0.77285,0.016781207
0.776703,0.037686712
0.775786,0.013602471
0.755373,0.001410899
0.679378,0.00276052
0.430688,0.266910297
0.056563,0.826310841
0,0.34289376
0,0.114810726
0,0.121040754
0,0.068258908
0,0.056725474
0,0
0,0.383624483
0,0.437776942
0,0.263386932
0,0.023232319
0.151676,0
0.301023,0.009882108
0.725503,0
0.766159,0
0.785087,0.031957875
0.783168,0
0.781749,0.010391506
0.784343,0.00219461
0.78562,0
0.783633,0
0.76162,0.232125708
0.670476,0.094582684
0.414049,0.406668113
0.056761,0.336069853
0,0.191794894
0,0.041497869
0,0.077383652
0,0.073763716
0,0.084718819
0,0.014452654
0,0.032589058
0,0.025478662
0,0.084896802
0,0.039843088
0.221438,0.047537662
0.596819,0.053796147
0.711092,0
0.744767,0.006255517
0.751222,0.00819724
0.746459,0
0.73877,0.019188122
0.734295,0.059175883
0.731706,0.028819498
0.726827,0.025368915
0.708604,0.01854862
0.63355,0.0141217
0.40291,0
0.059135,0.049139851
0,0.007574722
0,0.254151776
0,0.400494082
0,0.090019321
0,0
0,0
0,0
0,0
0,0
0,0
0.19922,0
0.546108,0
0.656953,0
0.712416,0.000266814
0.724664,0.004625361
0.728525,0
0.723151,0
0.718682,0.029122677
0.714242,0.028685288
0.71119,0.04524936
0.692294,0.043390043
0.619911,0.03463662
0.381295,0.03260253
0.054951,0.007176409
0,0
0,0
0,0
0,0
0,0
0,0
0,0
0,0.001212377
0,0
0,0.011771199
0.207153,0
0.576394,0
0.699789,0
0.741885,0
0.752075,0.006357367
0.752627,0.003511538
0.755084,0.082600463
0.761296,0.104929751
0.766826,0.074734419
0.765868,0.080173542
0.744546,0.048468789
0.659782,0.036771105
0.415362,0.08034928
0.063618,0.053885734
0,0.028652866
0,0
0,0
0,0
0,0
0,0
0,0
0,0
0,0
0,0
0.206925,0
0.581815,0
0.70718,0
0.752682,0
0.751173,0
0.748988,0.019921846
0.745566,0.015437924
0.746942,0.015026159
0.751378,0.028108128
0.748947,0.008454235
0.729288,0
0.649867,0
0.411822,0.125606352
0.065029,0.742730662
0,1
0,0.708960141
0,0
0,0
0,0
0,0.004286372
0,0.002933547
0,0
0,0
0,0.098975797
0.197835,0.203604668
0.560484,0.518816338
0.683501,0.175696915
0.731054,0
0.728804,0
0.724251,0.394779374
0.717666,0.610178811
0.717101,0.650274912
0.720581,1
0.715797,1
0.696008,1
0.620943,1
0.390955,1
0.063433,1
0,1
0,1
0,1
0,1
0,1
0,1
0,1
0,1
0,1
0,1
0.18836,0.256065162
0.53946,0.255617949
0.666486,0.126489283
0.70916,0
0.713952,1
0.719921,1
0.717009,1
0.715528,1
0.715947,1
0.711481,1
0.691508,1
0.618963,1
0.352355,1
0.061246,1
0,1
0,1
0,1
0,1
0,1
0,1
0,1
0,0.705024809
0,0.09456493
0,0.030317042
0.185968,0.031841627
0.532828,0.157026166
0.66117,0.056090718
0.71132,0.000921369
0.714108,0.027284528
0.704442,0.00309228
0.699186,0.028362975
0.704865,0.069766555
0.713235,0.05942802
0.71179,0.010884354
0.694609,0
0.620157,0
0.393748,0.005411119
0.065711,0.021714429
0,0
0,0
0,0
0,0
0,0
0,0
0,0
0,0
0,0
0,0
0.198534,0
0.553648,0
0.670124,0
0.720096,0
0.723912,0
0.724987,0.027527946
0.724165,0.022660038
0.725166,0.025921184
0.728218,0.064983032
0.729135,0
0.711583,0.143763716
0.639368,0.314402501
0.415757,0.130586021
0.071654,0.205542902
0,0.611174698
0,0.950290401
0,0.737448497
0,0.716428347
0,0.462212852
0,0.426640133
0,0.385648383
0,0.278087677
0,0.076494239
0,0.175713966
0.213222,0.36903829
0.577329,0.432546213
0.687303,0.010324066
0.725579,0.063490771
0.729946,0.059603867
0.726065,0
0.722194,0
0.719621,0.250385347
0.719016,0.687968624
0.713887,0.962828608
0.69419,1
0.620459,1
0.406048,1
0.071445,1
0,1
0,1
0,1
0,1
0,1
0,1
0,1
0,0.709121553
0,0.492860714
0,0.156853828
0.20879,0.083066825
0.566636,0
0.674592,0.04703551
0.706414,0.02451017
0.713888,0.044206954
0.715546,0.028345754
0.712292,0.016348658
0.710849,0
0.714601,0
0.714771,0.054583263
0.697386,0.392225254
0.629391,0.59615547
0.398277,0.909983626
0.073235,0.618200971
0,0.591337498
0,0.047228168
0,0.199882988
0,0.232149061
0,0.029528222
0,0.038762508
0,0.05890866
0,0.001078079
0,0.071400073
0,0.06257384
0.16792,0.006331853
0.537456,0
0.595172,0
0.706994,0
0.718849,0.01389319
0.718503,0.006988908
0.717151,0
0.718819,0.033190593
0.721613,0.023943051
0.700978,0.006975347
0.706425,0.0259108
0.634225,0.190316143
0.41305,0.99475328
0.073398,0.964051684
0,1
0,0
0,0.021794125
0,0.011280077
0,0.069052906
0,0.039752658
0,0.02293359
0,0
0,0
0,0
0.179912,0
0.486941,0
0.632368,0
0.4671,0.002952927
0.580815,0.006923306
0.646314,0
0.709516,0
0.740255,0
0.73994,0.13914864
0.697529,0.231485683
0.662486,0.20620241
0.467767,0.296092403
0.159065,0.201985229
0.042939,0.191457573
0,0.022183663
0,0
0,0.068821474
0,0
0,0.020325821
0,0.10580958
0,0.112107218
0,0.075706926
0,0.057042186
0,0
0.207551,0.022508693
0.571382,0.034531811
0.678035,0
0.714582,0
0.724778,0.016113106
0.725403,0.020058977
0.725373,0.039925155
0.726724,0.019534757
0.729665,0.015711173
0.725738,0.096517195
0.699199,0.229138659
0.621051,0.506719683
0.386505,0.807936307
0.067458,0.914899513
0,0.641088345
0,0.03621178
0,0.03537768
0,0.017638092
0,0.000357738
0,0.050705351
0,0.068064671
0,0.044521105
0,0
0,0.00637667
0.175168,0
0.517616,0
0.640855,0
0.690967,0.015462214
0.700529,0
0.694998,0
0.695592,0.051627737
0.699479,0.038485474
0.704703,0.081340698
0.71083,0.01009737
0.682481,0
0.610674,0.128845643
0.384526,0.476126378
0.068418,0.407558069
0,0.414394992
0,0.249430559
0,0.150568508
0,0
0,0
0,0
0,0
0,0
0,0
0,0
0.171536,0
0.525421,0
0.670579,0
0.73216,0
0.744225,0
0.750675,0
0.751119,0.000673119
0.624206,3.12E-05
0.698388,0
0.727112,0
0.637469,0.214380482
0.605479,0.55108982
0.374539,0.829246532
0.074578,0.985319309
0,0
0,0.341985644
0,0
0,0.044186018
0,0.044186018
0,0.104881618
0,0
0,0
0,0
0,0.029048887
0.210216,0.039496825
0.600476,0.01857212
0.739399,0.002848567
0.789038,0.005095346
0.794536,0
0.789936,0
0.78441,0
0.783485,0
0.783382,0.308597846
0.776148,0.405283687
0.748898,0.854525559
0.668696,0.076898694
0.433412,0.446931701
0.078407,0.876288429
0,0.561173084
0,0.111026341
0,0.052370124
0,0
0,0.008455498
0,0
0,0.027178291
0,0
0,0.041033141
0,0
0.190321,0
0.55828,0
0.678917,0.047122589
0.717028,0.043640436
0.734521,0.009288438
0.737031,0.024732902
0.732196,0.022938074
0.729336,0.000873605
0.72632,0
0.714002,0
0.692575,0.356848847
0.650549,0.624969712
0.434247,0.644947097
0.081535,0.98209468
0,0.748841951
0,0.647582777
0,0.499189369
0,0.17077607
0,0.122230236
0,0.124526753
0,0
0,0.01401174
0,0
0,0
0.210199,0.006972014
0.569087,0.008033659
0.670408,0.061576601
0.71958,0.045604653
0.729944,0.004926148
0.730287,0.019410219
0.725815,0.014899715
0.723015,0
0.719745,0
0.713257,0.020520272
0.697291,0
0.629134,0.256859728
0.420419,0.26445335
0.078262,0.316028525
0,0.540365453
0,0.075604455
0,0.053275574
0,0.0310731
0,0.0394501
0,0.011422656
0,0
0,0
0,0
0,0.011683649
0.200015,0.042378377
0.562186,0
0.663296,0
0.701381,0
0.718122,0
0.719752,0
0.712807,0.010288913
0.711418,0
0.714864,0
0.7174,0.030655559
0.704793,0.02993596
0.648513,0
0.234693,0
0.080646,0.115499458
0,0.001058633
0,0
0,0
0,0
0,0
0,0
0,0
0,0
0,0
0,0
0.201511,0
0.557642,0
0.659926,0
0.718004,0
0.732047,0
0.727737,0
0.724249,0.00224922
0.719371,0
0.716123,0
0.710261,0.008481121
0.688897,0
0.60937,0
0.40408,0
0.072198,0.005341827
0,0.067968059
0,0
0,0
0,0
0,0
0,0
0,0
0,0
0,0
0,0
0.172204,0
0.508411,0
0.642572,0
0.699918,0
0.706523,0
0.710658,0.007499096
0.621481,0.064335962
0.66326,0.029057397
0.665906,0
0.66534,0
0.626532,0
0.465984,0
0.358566,0.016546252
0.061203,0.020947222
0,0.121968415
0,0.197525221
0,0
0,0
0,0.048486665
0,0.140062409
0,0
0,0
0,0
0,0.007040191
0.138108,0
0.437269,0
0.603661,0
0.66702,0
0.68464,0.003766317
0.700824,0
0.695813,0
0.662856,0.024980325
0.691293,0.032680991
0.680466,0
0.577279,0
0.333335,0
0.335708,0
0.047638,0
0,0.002083319
0,0
0,0
0,0
0,0
0,0
0,0
0,0
0,0
0,0
0.140792,0
0.455893,0
0.62581,0
0.680757,0
0.698383,0
0.699399,0
0.693935,0
0.695991,0
0.688316,0.004576166
0.677347,0.01136227
0.646222,0.006241341
0.557312,0.011620943
0.333533,0
0.044817,0.054512442
0,0.499928112
0,0.071678445
0,0.022261295
0,0
0,0
0,0
0,0
0,0
0,0
0,0
0.132246,0
0.430539,0
0.609733,0.016818798
0.670898,0
0.695043,0
0.695551,0
0.689651,0
0.688157,0
0.694764,0.320795902
0.699579,0.478069631
0.677838,0.926588505
0.609346,1
0.388739,1
0.064761,1
0,1
0,1
0,1
0,1
0,0.957901421
0,0.775193418
0,0.628013564
0,0.545462592
0,0.59626319
0,0.355163774
0.15522,0
0.488782,0
0.635116,0.037821858
0.702636,0.000185213
0.71275,0
0.716467,0
0.714255,0
0.711444,0
0.709304,0
0.701111,0.033220783
0.67257,0.089479539
0.579035,0.218163421
0.343514,0.545817574
0.043893,0.203360393
0,0.098626605
0,0.063852406
0,0.003160945
0,0
0,0
0,0
0,0
0,0
0,0
0,0
0.106023,0
0.396276,0
0.582866,0
0.665004,0
0.695179,0
0.699681,0
0.694277,0.037520141
0.695921,0.026691125
0.68566,0.065896755
0.687938,0.07826929
0.64491,0.229242997
0.573731,0.311996998
0.339873,0.712660758
0.042652,0.825236
0,0.99624708
0,0.577778328
0,0
0,0
0,0.008024944
0,0.008395344
0,0.033701536
0,0
0,0
0,0
0.010701,0
0.06031,0
0.475362,0
0.602046,0
0.653002,0.009491526
0.666533,0
0.673602,0.019333926
0.587255,0
0.501096,0
0.667996,0.012742254
0.64826,0.283552452
0.581298,1
0.361982,1
0.054175,1
0,1
0,1
0,1
0,1
0,1
0,1
0,1
0,0.983870815
0,0
0,0
0.141424,0
0.486368,0
0.649478,0
0.723319,0.003466958
0.74164,0
0.745866,0
0.74396,0
0.742649,0.051043575
0.749454,0.05143576
0.751034,0.003715738
0.731852,0.062013767
0.670208,0.923710764
0.437419,0.462816804
0.072531,1
0,0.970853191
0,0.045076653
0,0
0,0
0,0
0,0.100294743
0,0.086287637
0,0.319135016
0,0.218648262
0,0.433144556
0.18587,0.169469062
0.574005,0.072773573
0.694223,0
0.731305,0
0.733262,0.01957362
0.730201,0.159736663
0.726109,0.247151784
0.725314,0.095204259
0.730559,0.066239608
0.735492,0.044416379
0.720926,0.020266775
0.664218,0.027011982
0.436021,0.200085844
0.070891,1
0,0.682294231
0,0.396281682
0,0.514928569
0,0.015284862
0,0
0,0
0,0
0,0
0,0
0,0
0.175974,0
0.529438,0
0.665414,0
0.716035,0
0.720594,0.024569447
0.714462,0.065161001
0.705957,0.056225074
0.698309,0.031103306
0.675684,1
0.645391,0.485549575
0.109034,0.541232998
0.17779,0.000989022
0.332666,0
0.045341,0.255617949
0,0
0,0
0,0.001043141
0,0
0,0
0,0
0,0
0,0
0,0
0,0
0.130077,0
0.400851,0
0.432287,0
0.641619,0
0.688714,0
0.691603,0.025866339
0.684636,0.068464608
0.65097,0.049139851
0.684409,0.009376668
0.674039,0
0.522124,1
0.334013,0.007981304
0.066204,0.223083892
0,0.158378317
0,0.089173052
0,0.022002825
0,0.0088285
0,0
0,0
0,0
0,0
0,0
0,0
0,0
0.124071,0
0.446284,0
0.608684,0
0.660243,0
0.679333,0
0.689101,0.001475611
0.688282,0.044186018
0.68997,0.029050576
0.687358,0.046170924
0.690921,0.026165737
0.667192,0.099603841
0.588792,0.98949277
0.361018,1
0.044774,1
0,1
0,1
0,1
0,0.493863145
0,0.196704869
0,0.003535622
0,0.146624026
0,0.004279603
0,0.036222827
0,0
0.124964,0
0.445336,0
0.607339,0.045206595
0.671232,0.087302482
0.686351,0.045934408
0.690007,0.108281887
0.692025,0.072110657
0.690581,0.048778734
0.698687,0.417683475
0.697826,0.947719762
0.684166,1
0.609526,1
0.375814,1
0.044894,0.985910404
0,1
0,1
0,1
0,1
0,0.96345249
0,0.949981579
0,0.223060844
0,0.396026192
0,0.418446628
0,0.075890879
0.147781,0.15514818
0.499494,0
0.657365,0
0.712947,0.015396413
0.729137,0.032021856
0.729592,0.010761921
0.726743,0
0.726095,0.240649319
0.72559,0.457197772
0.725065,0.501267371
0.710843,0.907255244
0.635558,1
0.400489,0.970633641
0.047036,0.7336456
0,0.530105004
0,0.256419004
0,0.008416555
0,0.159539593
0,0.047537118
0,0.013547331
0,0.023181232
0,0
0,0
0,0
0.14514,0.018504425
0.499035,0
0.654806,0
0.712442,0.0063928
0.723526,0
0.72262,0.001367246
0.717315,0.007053266
0.713738,0.005942499
0.715144,0.007288384
0.716969,0.005887071
0.698242,0
0.637463,0.012954117
0.405792,0.079898295
0.048557,0.533289468
0,0.09362191
0,0
0,0
0,0
0,0
0,0
0,0
0,0
0,0
0,0
0.139424,0
0.482149,0
0.633101,0
0.696326,0
0.714623,0
0.71128,0
0.706503,0.047916651
0.705331,0.092232467
0.706276,0.040223442
0.702579,0.05533573
0.684723,0.031657263
0.60758,0.185308844
0.374294,0.943943572
0.040196,1
0,1
0,0.735133886
0,0.478996876
0,0.123064042
0,0
0,0
0,0
0,0
0,0
0,0
0.131569,0
0.474551,0
0.647036,0
0.707198,0
0.712161,0
0.709126,0
0.702273,0.01259057
0.697167,0.032479545
0.694005,0.03440929
0.661896,0.035939077
0.58999,0.059492156
0.553281,0
0.336235,0.431621026
0.033105,0.582069665
0,0.486098332
0,0.075107681
0,0
0,0
0,0
0,0
0,0
0,0
0,0
0,0
0.084443,0
0.378855,0
0.596715,0
0.672593,0
0.691151,0
0.688282,0.001458486
0.683596,0.020009148
0.679904,0.046265661
0.68333,0.028297723
0.674772,0.032265573
0.643698,0.042242852
0.560164,0.027141032
0.312328,0.011660196
0.022569,0.289791448
0,0.747903129
0,0.355817897
0,0.080620053
0,0
0,0.023236021
0,0
0,0
0,0
0,0
0,0
0.014523,0
0.101929,0
0.593382,0
0.104753,0
0.127295,0.001629418
0.151015,0.018525442
0.096015,0.052623808
0.566844,0.036729342
0.660837,0.031102556
0.652705,0.043360914
0.616509,0.045126084
0.532611,0.012049315
0.297472,0.044664407
0.004022,0.276319841
0,0.424540931
0,0.313851376
0,0.0150078
0,0.011059279
0,0.034827204
0,0
0,0
0,0
0,0
0,0
0.006188,0.001928554
0.04432,0.015320773
0.39527,0
0.658879,0
0.677633,0
0.68798,0.016912278
0.679903,0.025636995
0.674129,0.025879677
0.674478,0.034566636
0.665408,0
0.634145,0
0.540213,0.100733942
0.298751,0.144404371
0.020365,0.213485951
0,0.234546898
0,0.155748202
0,0.096180948
0,0
0,0
0,0.022639903
0,0.000296517
0,0
0,0
0,0
0.107891,0
0.430703,0
0.611848,0
0.672246,0
0.689739,0
0.69021,0
0.612879,0
0.535961,0.031722704
0.632345,0.170275036
0.620185,0.607886478
0.25697,1
0.331743,1
0.046832,1
0,1
0,1
0,0.965925492
0,0.994753697
0,0.522702575
0,0.357446797
0,0.580414647
0,0.374955313
0,0.19326829
0,0
0,0
0.097731,0
0.409466,0
0.605136,0.073909512
0.669903,0.00841313
0.689758,0.005247051
0.686804,0.01533922
0.683853,0
0.680052,0
0.684213,0.032375175
0.673428,0.067880795
0.118452,0.579060994
0.52199,0.892409478
0.277826,0.952226147
0.010404,0.377080655
0,0.162200035
0,0.141440927
0,0.053691282
0,0.02027015
0,0.018954676
0,0.005431978
0,0.084824431
0,0.061016444
0,0.067115571
0,0.056066684
0.076631,0
0.374576,0
0.563025,0.015206795
0.645157,0
0.6699,0
0.677868,0.031365556
0.671245,0.01063375
0.667842,0
0.66414,0
0.615603,0
0.607596,0.210384614
0.488832,0.590879624
0.242399,0.955880143
0.002293,0.996412642
0,0.905112383
0,0.804572485
0,0.394691376
0,0.133035875
0,0.026670845
0,0.016894229
0,0.018964354
0,0
0,0.017055357
0,0.040283073
0.075693,0.074976551
0.035219,0.022025912
0.574714,0.00230486
0.652891,0
0.675327,0
0.669032,0.051462548
0.660425,0.11301942
0.654265,0.00482522
0.662067,0.009137183
0.657983,0
0.636783,0
0.554782,0.090829543
0.304337,0.237031611
0.023665,0.30837527
0,0.091633994
0,0.058274091
0,0.020917602
0,0
0,0
0,0.028502127
0,0.03540915
0,0.090573597
0,0.049037043
0,0.059415176
0.095918,0.066142749
0.277975,0.00921
0.574732,0.022125395
0.634373,0
0.65775,0
0.659806,0
0.656888,0.028236393
0.649154,0.019341443
0.646282,0.064240349
0.633804,0.038248202
0.602998,0.02621362
0.540032,0
0.312843,0.010382735
0.022652,0.070364141
0,0
0,0
0,0
0,0
0,0
0,0
0,0
0,0
0,0
0,0
0.095693,0
0.209547,0
0.170199,0
0.141857,0
0.101864,0
0.213555,0
0.128292,0
0.093888,0.008167039
0.086338,0.054160169
0.218949,0.065183386
0.612841,0.028645341
0.524102,0.016482658
0.0048,0
0,0.083278776
0,0.07275469
0,0.360256015
0,0.005292834
0,0.016790603
0,0
0,0
0,0
0,0.036079606
0,0.002912719
0,0
0.069159,0
0.36262,0
0.567325,0
0.648832,0
0.67198,0
0.684284,0
0.677725,0.030894836
0.676518,0.024669693
0.678161,0.019177107
0.67073,0
0.649533,0.000144391
0.567194,0.527287688
0.31605,0.193735045
0,0.01692564
0,0
0,0.028903704
0,0
0,0
0,0.003554761
0,0
0,0.007460314
0,0
0,0
0,0
0.089437,0
0.401343,0
0.585874,0
0.658464,0
0.670173,0
0.6689,0.01034108
0.66261,0.017045172
0.662467,0
0.609358,0.043717778
0.589276,0.001567072
0.54675,0.070365717
0.628048,0.488141202
0.350055,0.766106241
0.007394,0.710234315
0,0.556281614
0,0.191378806
0,0.060598341
0,0
0,0.021200874
0,0.007945992
0,0
0,0
0,0
0,0
0.103349,0
0.462288,0
0.65511,0
0.720147,0
0.73463,0
0.730344,0.02551553
0.722606,0
0.716859,0.0137433
0.711978,0.032667627
0.711297,0.053525332
0.675714,0.021058812
0.584355,0.000780027
0.311879,0.326308218
0.004154,0.421114129
0,0.335163231
0,0.026687152
0,0
0,0
0,0
0,0
0,0
0,0
0,0
0,0
0.085555,0
0.415255,0
0.617668,0
0.688268,0
0.709253,0
0.707057,0
0.704026,0
0.701551,0
0.706028,0
0.696581,0
0.675873,0
0.595579,0.00586251
0.336698,0.151555664
0.00672,0.389564424
0,0.228066043
0,0.009697672
0,0
0,0
0,0
0,0
0,0
0,0
0,0
0,0
0.098255,0
0.448252,0
0.648782,0
0.710537,0
0.722805,0
0.72135,0
0.715379,0
0.717248,0.026259353
0.723963,0.026862337
0.728407,0.0102439
0.710805,0
0.628557,0
0.34246,0.002752694
0.004954,0
0,0.046617507
0,0
0,0
0,0
0,0
0,0
0,0
0,0
0,0
0,0
0.099669,0
0.466145,0
0.654648,0
0.697529,0
0.712135,0
0.712365,0
0.709238,0
0.708673,0.011344666
0.712275,0.017710238
0.714975,0.001786941
0.69506,0.011861656
0.619372,0.007788142
0.337483,0
0.004501,0
0,0.228283615
0,0.178460852
0,0
0,0
0,0
0,0
0,0
0,0
0,0
0,0
0.080538,0
0.424585,0
0.640463,0
0.701136,0
0.678564,0
0.674811,0
0.666832,0.00760663
0.693514,0.007861753
0.692814,0.007447484
0.690426,0
0.657267,0
0.565988,0
0.283415,0
0,0.010399947
0,0.056365687
0,0.412291549
0,0.016903528
0,0
0,0
0,0
0,0
0,0
0,0
0,0
0.068375,0
0.379927,0
0.58164,0
0.658593,0
0.677435,0
0.676485,0
0.667147,0
0.666194,0
0.666299,0.003217612
0.659551,0.004521631
0.624956,0.027446388
0.529325,0.01531663
0.264001,0
0.000148,0.016689794
0,0.395183236
0,0.666609825
0,0.410038728
0,0.061837873
0,0.023689718
0,0
0,0
0,0
0,0
0,0
0.064799,0
0.373907,0
0.578852,0
0.645318,0
0.667305,0
0.667866,0
0.662507,0.000554379
0.630031,0.00924525
0.613503,0.03599833
0.662399,0.051128396
0.571668,0.053838714
0.466812,0.963784621
0.155472,0.0223999
0,0
0,0.126897607
0,0.371305351
0,0.155047863
0,0.042420843
0,0
0,0
0,0
0,0
0,0
0,0
0.056853,0
0.354047,0
0.568542,0
0.637029,0
0.651401,0
0.655597,0
0.64869,0
0.649096,0.000143033
0.560837,0
0.127945,0
0.009845,0
0.220593,0
0.00422,0.032946714
0,0.363140675
0,0.434299193
0,0.041112185
0,0.001151579
0,0
0,0.008286442
0,0
0,0
0,0
0,0
0,0
0.05429,0
0.367797,0
0.572103,0
0.63763,0
0.670274,0
0.675718,0
0.669919,0
0.670244,0.016961384
0.515454,0.010857863
0.660426,0.027595893
0.628968,0.00439484
0.531976,0
0.25196,0
0,0.103140358
0,0.558992115
0,0.39049022
0,0
0,0
0,0
0,0
0,0
0,0
0,0
0,0
0.049905,0
0.349248,0
0.56912,0
0.646648,0
0.666208,0
0.671933,0
0.662833,0.031830863
0.659019,0.032427399
0.657354,0.032698096
0.650463,0.036811114
0.620334,0.047346158
0.52227,0.057467462
0.2409,0.044585802
0,0.049270206
0,0.026365227
0,0.145197701
0,0.045720283
0,0
0,0
0,0
0,0
0,0
0,0
0,0
0.04598,0
0.357065,0
0.560033,0
0.640089,0.054834186
0.66591,0.057967278
0.669948,0
0.660498,0
0.655649,0.018381563
0.65683,0.050359946
0.647166,0.04242991
0.609593,0.043286268
0.495131,0.039603845
0.226864,0.291982157
0,0.051965189
0,0.073307878
0,0
0,0
0,0
0,0
0,0
0,0
0,0
0,0
0,0
0.027741,0
0.14873,0
0.316279,0
0.620467,0
0.65011,0
0.668701,0
0.627293,0
0.607258,0.023319739
0.66371,8.34E-05
0.604339,0.027900561
0.074678,0.118812259
0.500788,1
0.163305,0.072343046
0,0.079790403
0,0.122029038
0,0.571458182
0,0.026193042
0,0
0,0
0,0
0,0.086430032
0,1
0,0.335974387
0,0.694893717
0.025683,1
0.322186,0.125037075
0.522216,0
0.622063,0
0.654934,0
0.674592,0.005930913
0.668017,0
0.665531,0.017550046
0.051812,1
0.349212,0.265764498
0.609902,0.124309545
0.488461,0.362014706
0.209607,0.118078369
0,0.375709964
0,0.261642865
0,0.07553756
0,0
0,0.067278613
0,0
0,0
0,0
0,0
0,0
0,0
0.035301,0
0.349309,0
0.58437,0
0.655367,0
0.674932,0
0.668608,0
0.662938,0
0.659265,0.030495708
0.578753,0.043383266
0.297642,0
0.557839,0.302728905
0.528278,0.879314388
0.228152,1
0,1
0,1
0,1
0,1
0,0.286407653
0,0
0,0
0,0
0,0
0,0.147533405
0,0
0.03848,0.027784701
0.377532,0.001198678
0.590222,0
0.657846,0
0.673111,0.013378866
0.670273,0
0.659572,0
0.658181,0.009897628
0.659795,0.03410563
0.654246,0.034342144
0.605377,0.01406086
0.48726,0.043659443
0.202817,0.260949925
0,0.214793846
0,0
0,0
0,0
0,0
0,0
0,0
0,0
0,0
0,0
0,0
0.034682,0
0.356936,0
0.582021,0
0.648406,0
0.670096,0
0.670344,0.012197534
0.665129,0.044565976
0.665695,0.036949958
0.664873,0.028541264
0.65668,0.030155002
0.617039,0.015919322
0.505336,0.000368414
0.211257,0
0,0
0,0
0,0.192260062
0,0.330966764
0,0.284444685
0,0.238631534
0,0.16183433
0,0.096600751
0,0
0,0.009064283
0,0
0.030209,0
0.332626,0
0.573707,0
0.650735,0
0.673176,0
0.665117,0
0.654254,0
0.647208,0.006423305
0.64974,0.012134871
0.636641,0.025993993
0.59117,0.046187715
0.47217,0
0.190827,0.013345774
0,0.13227178
0,0.034477321
0,0.018267709
0,0.351885276
0,0.035503722
0,0.029730453
0,0.172787944
0,0.034309531
0,0
0,0.01471229
0,0
0.018902,0
0.306346,0
0.540868,0
0.634827,0
0.617886,0
0.616864,0.019565934
0.624386,0
0.597255,0.000704273
0.448461,0.014158217
0.380633,0.008683053
0.456385,0
0.048459,0.012998894
0.01459,0.00218681
0,0.592211817
0,0.565408759
0,0.508227152
0,0.152514661
0,0.154977939
0,0
0,0
0,0.008957732
0,0
0,0
0,0
0.002351,0
0.285469,0
0.457656,0
0.568554,0
0.614049,0
0.648022,0
0.639509,0.00906411
0.285251,0.05166244
0.588643,0.064482707
0.651076,0.055085008
0.592652,0.019592254
0.530516,0
0.209377,0.126792461
0,0.809875682
0,0.634059034
0,0.303387935
0,0.305305513
0,0.062353475
0,0
0,0
0,0
0,0
0,0
0,0
0.028242,0
0.357397,0.007625694
0.611076,0
0.674864,0
0.681666,0
0.673714,0.004358951
0.671112,0.02965184
0.677319,0.006241341
0.685255,0.004142059
0.698081,0.0175781
0.668756,0.081823348
0.564344,0.238025948
0.221817,0.278139734
0,0.272903343
0,0.021475481
0,0.024578747
0,0.001611773
0,0.01957362
0,0
0,0
0,0
0,0
0,0
0,0
0.007756,0
0.284464,0
0.598569,0
0.505275,0
0.728564,0
0.731108,0
0.728455,0.04660068
0.735591,0.052501673
0.745542,0.022052052
0.755436,0
0.638487,0
0.604235,0.199758901
0.23026,0.147987742
0,0.197289275
0,0.024978715
0,0
0,0
0,0
0,0
0,0
0,0
0,0
0,0
0,0
0.028591,0
0.399206,0
0.668467,0.023798322
0.725656,0
0.710709,0
0.695756,0.03203592
0.691447,0.005150521
0.695658,0
0.593723,0
0.593751,0.01411258
0.615335,0.013097742
0.571494,0.244169928
0.221956,0.250311711
0,0.173451647
0,0.043257169
0,0
0,0
0,0
0,0.000581463
0,0.0138378
0,0
0,0
0,0
0,0
0.024407,0
0.375131,0
0.61954,0
0.678557,0
0.705895,0
0.704856,0
0.696175,0
0.69254,0.028184627
0.683131,0.032152212
0.684289,0
0.651734,0.807567446
0.534221,0.070057401
0.199515,0.099084152
0,0.230563284
0,0.023079659
0,0.013929246
0,0
0,0
0,0
0,0
0,0
0,0
0,0
0,0
0.026173,0
0.375814,0
0.620284,0
0.69169,0
0.696229,0
0.687983,0
0.678806,0.00133539
0.676554,0.041569335
0.6789,0.021475481
0.682595,0
0.663151,0
0.564378,0.049243832
0.214507,0.093090925
0,0.443397694
0,0.087572914
0,0.011860144
0,0
0,0
0,0
0,0.035487943
0,0
0,0
0,0
0,0
0.012034,0
0.381809,0
0.636462,0
0.70004,0
0.707418,0
0.692803,0
0.681811,0.016217084
0.68202,0.045740996
0.685923,0.026883273
0.688993,0
0.666806,0.027506576
0.568555,0.046979722
0.211729,0.06843417
0,0.136573563
0,0.307284292
0,0.447643457
0,0.600210411
0,0.128354283
0,0
0,0
0,0
0,0
0,0
0,0
0.00917,0
0.375249,0
0.619233,0
0.675506,0
0.689294,0
0.679423,0
0.670922,0
0.671373,0.016114264
0.674279,0.026176121
0.677547,0
0.657947,0
0.559875,0.037097768
0.200755,0.052964641
0,0.037397673
0,0
0,0
0,0
0,0
0,0
0,0
0,0
0,0
0,0
0,0
0.008022,0
0.378245,0
0.627265,0
0.671772,0
0.690478,0
0.68588,0
0.678927,0
0.679624,0
0.685735,0
0.689841,0.024906944
0.6696,0
0.568593,0
0.201689,0.021884046
0,0.31636604
0,0.201560645
0,0.052842525
0,0
0,0
0,0
0,0
0,0
0,0
0,0
0,0
0.007273,0
0.37809,0
0.635501,0
0.692297,0
0.704478,0
0.698626,0
0.689982,0.005354527
0.691276,0.03088605
0.693996,0.076302337
0.69563,0.030127172
0.670807,0.019026085
0.560697,0.002206258
0.187722,0
0,0.013342896
0,0
0,0.03470155
0,0.008749196
0,0
0,0
0,0
0,0
0,0
0,0
0,0.043456654
0.00686,0.090410173
0.383243,0.021716187
0.662994,0
0.731311,0.055763927
0.738675,0.059341402
0.724858,0.061834141
0.711755,0.048075592
0.712229,0.047013411
0.716411,0.028477499
0.721745,0
0.698235,0.025284763
0.572096,0.984357713
0.181589,0
0,0.149184389
0,0.263794143
0,0.207067302
0,0.238180762
0,0.114924017
0,0.073869357
0,0.03463662
0,0
0,0.04472357
0,0.004070248
0,0
0.004843,0
0.382916,0
0.675442,0
0.734988,0
0.740773,0
0.728123,0.01161924
0.715493,0.043621939
0.712495,0.063392011
0.717776,0.076313123
0.722113,0.061390005
0.693501,0.068223455
0.565911,0.967987108
0.173812,0.251157859
0,0
0,0
0,0.015322077
0,0
0,0
0,0
0,0
0,0
0,0
0,0
0,0
0.002556,0
0.344891,0
0.626836,0
0.705469,0
0.706595,0
0.697447,0.002761275
0.686531,0.044533497
0.684493,0.064319247
0.692355,0.072044006
0.697395,0.070538043
0.672577,0.051489223
0.515627,0.386030297
0.169285,1
0,1
0,0.976828773
0,0.812345264
0,0.869464057
0,0.793305666
0,0.951574056
0,0.986106016
0,1
0,1
0,1
0,1
0.003945,0.962043424
0.318497,0.129475698
0.585011,0.028981454
0.649795,0.027865827
0.66044,0.033529313
0.648174,0
0.640058,0
0.641359,0
0.646018,0.177938028
0.640795,0.472911013
0.598405,0.926851762
0.45476,0.986348554
0.131431,0.976901629
0,0.963728053
0,0.624336753
0,0
0,0
0,0
0,0
0,0
0,0
0,0
0,0
0,0.01812113
0.002205,0
0.278711,0.361639186
0.56942,0.036866506
0.648467,0.148632117
0.660974,0.031597219
0.649138,0
0.588378,0
0.626409,0
0.510885,0.003176734
0.395156,0.010555514
0.387305,0.02402716
0.146458,0
0.015979,0
0,0.104471919
0,0
0,0
0,0
0,0
0,0
0,0
0,0
0,0
0,0
0,0
0,0
0.243048,0.012036734
0.580499,0
0.529231,0
0.640024,0
0.631444,0.018932808
0.507661,0.100267898
0.628598,0
0.635757,0.008633392
0.448359,0.119467562
0.010331,0.031364832
0.006288,0
0.123305,0
0,0.88464155
0,0.453050779
0,0
0,0
0,0
0,0.063785996
0,0
0,0.048029868
0,0.041201018
0,0.019274003
0,0
0.002024,0
0.198968,0
0.560531,0
0.564719,0.002198375
0.625688,0.015114135
0.620007,0.078515924
0.61361,0.037323598
0.620498,0.025019763
0.617781,0
0.346238,0.01466098
0.344808,0.098004621
0.263718,0.041455402
0.10193,0.032235843
0,0.506844036
0,0.107056626
0,0.08993915
0,0
0,0
0,0
0,0
0,0
0,0
0,0
0,0
0,0
0.038972,0
0.273865,0
0.472424,0
0.627474,0
0.626223,0.014275223
0.618111,0.104221318
0.621187,0.029064847
0.046916,0
0.306571,0.018395389
0.587696,0
0.427374,0.660367057
0.110608,0.706749882
0,0.90482331
0,0.160927911
0,0.100505479
0,0.010835075
0,0.004762535
0,0
0,0
0,0
0,0
0,0
0,0
0.000758,0
0.300704,0
0.581891,0.012459187
0.640475,0
0.641652,0
0.642003,0.012868798
0.641575,0.03281239
0.609344,0
0.587853,0
0.5944,0
0.655092,0
0.501028,0.135128768
0.134577,0.554641375
0,0.895560541
0,0.219789626
0,0.062706916
0,0.014295723
0,0
0,0
0,0.008567443
0,0
0,0
0,0
0,0.005626216
0.00162,0
0.339282,0
0.632039,0
0.690976,0
0.685114,0
0.673744,0
0.666712,0
0.673944,0
0.689912,0.007631878
0.703232,0
0.673865,0
0.510751,0
0.131113,0
0,0
0,0.079598225
0,0
0,0
0,0
0,0
0,0
0,0
0,0
0,0
0,0
0.00151,0
0.359987,0
0.686018,0
0.742817,0
0.733842,0
0.712763,0
0.696544,0
0.700006,0.012963065
0.713363,0.021684801
0.721569,0.011524287
0.687006,0.001717455
0.510065,0
0.119252,0
0,0
0,0.012954117
0,0.047871998
0,0
0,0
0,0
0,0
0,0
0,0
0,0
0,0
0.000634,0
0.335556,0
0.652363,0
0.718913,0
0.713158,0
0.695949,0
0.682593,0.116567138
0.686303,0.185082638
0.6972,0.134524236
0.707622,0.109200594
0.658805,0.042365389
0.499213,0.004230117
0.113505,0
0,0.050701502
0,0
0,0
0,0
0,0
0,0.013681652
0,0
0,0
0,0
0,0
0,0
0.000521,0
0.341142,0
0.664943,0
0.725021,0
0.724437,0
0.708221,0
0.696573,0
0.70096,0
0.715969,0.009340568
0.72735,0
0.692845,0
0.500436,0.002083319
0.105203,0
0,0.201965112
0,0.012066134
0,0.107046555
0,0
0,0
0,0.00237665
0,0
0,0
0,0
0,0
0,0
0.000276,0
0.331875,0
0.651922,0
0.71481,0
0.701382,0
0.676977,0
0.659421,0.006742848
0.662789,0.004277796
0.67344,0.010008935
0.680523,0.05939672
0.650287,0
0.465539,0.02795258
0.093452,0.08126999
0,0.171794304
0,0.023396265
0,0.010849839
0,0
0,0
0,0
0,0
0,0
0,0
0,0
0,0
0,0
0.316014,0
0.621207,0
0.689871,0
0.687597,0
0.672622,0
0.658718,0
0.658866,0.005568024
0.667349,0
0.671793,0
0.636804,0
0.449217,0
0.079579,0
0,0
0,0.006423305
0,0.015296121
0,0
0,0.052621268
0,0.075980724
0,0.009136175
0,0
0,0
0,0
0,0
0,0
0.310762,0
0.613717,0
0.675583,0
0.667077,0
0.651156,0.015552415
0.64,0
0.643286,0.16169384
0.653938,0.246547346
0.659413,0.254322303
0.625269,0.020986418
0.432439,0.123604441
0.066383,0.081679145
0,0.079459948
0,0.228696847
0,0.050393796
0,0.121921762
0,0.151814905
0,0.065736179
0,0.055507924
0,0.112723871
0,0.002554772
0,0.007342727
0,0
0,0
0.301452,0.022645181
0.599595,0.161714619
0.661709,0.104449036
0.662553,0.064535649
0.649366,0.220943432
0.638375,0.463497954
0.639941,0.167641065
0.647132,0.169543372
0.646451,0.129330952
0.609958,0.120657066
0.417983,0.138865109
0.052869,0.125831946
0,0.032734339
0,0
0,0.026112291
0,0.007750136
0,0
0,0
0,0
0,0
0,0
0,0
0,0
0,0
0.290472,0
0.559688,0
0.589373,0
0.594905,0
0.588941,0
0.631414,0
0.641962,0.005468681
0.648825,0.040121004
0.676603,0.008438765
0.389817,0
0.14897,0.027037361
0.014682,0.031113852
0,0
0,0.031541869
0,0
0,0
0,0
0,0
0,0
0,0
0,0
0,0
0,0
0,0
0.287646,0
0.543386,0
0.655225,0
0.643953,0
0.611709,0
0.551252,0.009851332
0.642906,0.030181857
0.667166,0.02671867
0.678428,0.030062134
0.629977,0.045363162
0.391782,0.035129374
0.02381,0.513374139
0,0.951458518
0,0.887464161
0,0.909334609
0,0.259355844
0,0.108247703
0,0.135265433
0,0
0,0
0,0
0,0
0,0.033138284
0,0.237444144
0.310891,0.029157737
0.64655,0.059304245
0.705475,0.017568029
0.705022,0.017812675
0.688357,0
0.677108,0.044250302
0.684909,0.022991185
0.702267,0
0.715835,0
0.678672,0
0.442919,0
0.043764,0.07272345
0,1
0,1
0,0.158327647
0,0
0,0
0,0
0,0
0,0
0,0
0,0
0,0
0,0
0.327999,0
0.671876,0
0.723395,0
0.716696,0
0.693827,0
0.680733,0
0.687306,0
0.704246,0
0.714636,0.005173749
0.676967,0
0.43142,0
0.038734,0
0,0
0,0.040375795
0,0.185516245
0,0.025050768
0,0
0,0
0,0
0,0
0,0
0,0
0,0
0,0
0.301345,0
0.65208,0
0.715069,0
0.711893,0
0.690448,0
0.678418,0
0.687276,0
0.706774,0
0.720297,0
0.67788,0
0.427249,0.004849423
0.032498,0
0,0
0,0
0,0
0,0
0,0
0,0
0,0
0,0
0,0
0,0
0,0
0,0
0.289362,0
0.638635,0
0.704773,0
0.691823,0
0.672399,0
0.6579,0.002776052
0.662325,0.020318778
0.675067,0.053235329
0.683768,0.084837044
0.631616,0.070287067
0.384006,0.075372045
0.011301,0.061041651
0,0.115584585
0,0.094582684
0,1
0,1
0,0.978446498
0,0.593964339
0,0.270090508
0,0.030153011
0,0
0,0
0,0
0,0
0.283431,0
0.618596,0
0.691151,0
0.687613,0
0.667919,0
0.654705,0
0.659632,0.003836336
0.672499,0.056027588
0.679483,0.026020831
0.635647,0.090067666
0.383354,0.058214175
0.010298,0.030373807
0,0.062223991
0,0.069168505
0,0.924133444
0,0.706749882
0,0.606479662
0,0.370836786
0,0.007025416
0,0
0,0
0,0
0,0
0,0
0.2727,0
0.419711,0
0.673416,0
0.650405,0
0.556542,0
0.488405,0
0.498155,0
0.516791,0.000106564
0.532071,0.011533055
0.336674,0.016256728
0.236584,0.061078186
0.004722,0.753637319
0,0.884755187
0,0.341643894
0,0.960529957
0,0.055350424
0,0
0,0
0,0
0,0
0,0
0,0
0,0
0,0
0.276825,0
0.620107,0
0.686945,0
0.686932,0
0.670129,0
0.658299,0
0.666162,0
0.683741,0
0.68992,0.170467601
0.64237,0.217066987
0.370435,0.361705786
0.006425,0.413669414
0,0.622114789
0,0.571286732
0,0.887548043
0,0.796091555
0,0.514107681
0,0.725128347
0,0.975272358
0,0.921415122
0,0.349159328
0,0.035952772
0,0.053335026
0,0.077603042
0.246585,0
0.579586,0.153326615
0.65537,0.381311094
0.660559,0.052085176
0.637576,0.077480237
0.625402,0.148997265
0.633122,0.39248432
0.649615,0.971346378
0.658123,1
0.600496,1
0.331143,1
0.003682,1
0,1
0,1
0,1
0,1
0,1
0,1
0,1
0,1
0,1
0,1
0,1
0,1
0.247876,1
0.57767,1
0.621112,0.091910603
0.644956,0.034923513
0.60189,0.056677034
0.620454,0
0.624721,0
0.592346,0
0.522061,0.094120625
0.169084,0.244563241
0.016402,0.587273147
0,0.480837009
0,0.213459491
0,0.075037284
0,0
0,0
0,0
0,0
0,0
0,0
0,0
0,0
0,0
0,0
0.031367,0
0.18861,0
0.644078,0
0.647176,0
0.625565,0
0.611132,0
0.480062,0
0.142451,0.023870134
0.029233,0.082837733
0.277536,0.052116327
0.296581,0.047935598
0,0.03864509
0,0.008644183
0,0
0,0
0,0
0,0
0,0
0,0
0,0
0,0
0,0
0,0
0,0
0.232579,0
0.578888,0
0.657202,0
0.658119,0
0.635306,0
0.622606,0.002079607
0.631872,0.049911926
0.649725,0.073464619
0.664438,0.065047215
0.604489,0.064990433
0.319985,0.03853264
0.000544,0.029803394
0,0.009601661
0,0
0,0
0,0
0,0
0,0.002549152
0,0
0,0
0,0
0,0
0,0
0,0
0.264379,0
0.62699,0
0.690489,0
0.686359,0
0.664357,0
0.650794,0
0.660091,0
0.679224,0
0.695665,0.035731875
0.634255,0.045014303
0.331318,0.015906528
0,0.0023592
0,0.093977825
0,0.111160803
0,0.858996337
0,0.450827658
0,0.435114142
0,0.293099543
0,0.109627955
0,0
0,0
0,0
0,0
0,0
0.268918,0
0.661025,0
0.727455,0
0.716794,0
0.689461,0
0.670491,0
0.679788,0
0.702616,0
0.71465,0.008260021
0.661058,0
0.342748,0
0,0
0,0.034793069
0,0
0,0.158754372
0,0.096540606
0,0
0,0
0,0
0,0
0,0
0,0
0,0
0,0
0.277999,0
0.66707,0
0.718242,0
0.702811,0
0.675979,0
0.662756,0
0.673531,0
0.695248,0
0.709911,0.009488356
0.660415,0.020299335
0.259939,0
0,0.026426091
0,0.039969416
0,0
0,0
0,0
0,0
0,0
0,0
0,0
0,0
0,0
0,0
0,0
0.220106,0
0.566533,0
0.639815,0
0.636451,0
0.621402,0
0.607206,0
0.614988,0
0.629253,0
0.640732,0
0.580671,0.0349936
0.282108,0.052755525
0,0.042121013
0,0.012882676
0,0
0,0
0,0
0,0
0,0
0,0
0,0
0,0
0,0
0,0
0,0
0.225433,0
0.56555,0
0.630175,0
0.620297,0
0.6009,0
0.586844,0
0.592283,0
0.603218,0
0.606737,0
0.551798,0
0.256836,0
0,0
0,0.976920047
0,0.966630922
0,0.342892984
0,0.4534436
0,0.479335967
0,0.831483844
0,0.962021517
0,1
0,1
0,1
0,1
0,1
0.220562,1
0.582872,1
0.652818,1
0.648951,0.712963934
0.632948,0.237272907
0.618676,0.318830985
0.62858,0.485109358
0.650042,0.959033194
0.663085,1
0.601533,1
0.282554,1
0,1
0,1
0,1
0,1
0,1
0,1
0,1
0,1
0,1
0,0.9060327
0,0.960742156
0,0.41764379
0,0.277876491
0.031046,0.030577721
0.599543,0.029553686
0.664831,0.008775094
0.650215,0.049118968
0.628499,0.011713785
0.618159,0
0.62922,0.015655133
0.652658,0.394119225
0.668469,0
0.608467,0.420966694
0.27353,0.969101966
0,0.461950269
0,1
0,0.556845377
0,1
0,1
0,0.463063027
0,0.311646632
0,0.146567553
0,0.050762321
0,0.076691582
0,0
0,0.023232822
0,0.128384913
0.223602,0.086995097
0.598578,0.073880152
0.652981,0
0.631154,0.009785441
0.593667,0
0.37169,0
0.485991,0
0.556904,0
0.574448,0
0.236654,0
0.118559,0
0,0
0,0
0,0
0,0
0,0
0,0
0,0
0,0
0,0
0,0
0,0
0,0.014579548
0,0.027286127
0.055939,0.030063501
0.152858,0
0.559232,0
0.485369,0
0.605619,0
0.593178,0
0.610501,0
0.436849,0.003972389
0.246418,0
0.091022,0
0,0
0,0.18116009
0,0.362933414
0,0.13601297
0,0.106802506
0,0.193030147
0,0.411299495
0,0.144635393
0,0.120026262
0,0.258697427
0,0.254485251
0,0.102523969
0,0.025690104
0,0.050934589
0.209971,0.001601545
0.582678,0
0.649854,0
0.639505,0
0.617136,0
0.604971,0
0.61016,0.014969791
0.624973,0
0.628568,0
0.559502,0
0.228972,0
0,0
0,0.119296164
0,0.031022268
0,0
0,0
0,0
0,0
0,0
0,0
0,0
0,0
0,0
0,0
0.212798,0
0.583249,0
0.632477,0
0.633988,0
0.616372,0
0.604299,3.47E-05
0.613737,0.004042723
0.63343,0
0.639791,0
0.579895,0
0.23828,0
0,0.016312159
0,0
0,0.025275193
0,0.014429131
0,0.018238027
0,0
0,0.013157822
0,0.036931249
0,0.024536561
0,0.014313328
0,0.015719018
0,0
0,0.001315804
0.205124,0.074353355
0.586367,0.017624858
0.646235,0.017674377
0.63989,0
0.620317,0
0.605785,0
0.611911,0.013760495
0.629582,0
0.638691,0
0.568893,0
0.220945,0
0,0.021557986
0,0
0,0
0,0
0,0
0,0
0,0
0,0
0,0
0,0
0,0
0,0
0,0
0.189184,0.056697076
0.430807,0
0.268268,0
0.245379,0
0.500944,0
0.258323,0
0.181985,0.037583585
0.220162,0.010508183
0.656744,0.075386621
0.585496,0
0.220386,0.252461006
0,0.360081475
0,0.178312954
0,0.132380679
0,0
0,0.782364023
0,0.970174471
0,1
0,1
0,1
0,1
0,1
0,0.636293166
0,0.375240784
0.199061,0.484298405
0.59754,0.356428784
0.668265,0
0.665025,0.000792725
0.491177,0
0.260412,0
0.058293,0.070204449
0.03031,1
0.139421,0.048159966
0.385651,0.072701345
0.219708,0.658985077
0,0.860170831
0,1
0,1
0,1
0,1
0,1
0,1
0,1
0,1
0,1
0,0.957908623
0,0.917322395
0,0.995297164
0.196729,0.995133999
0.347155,1
0.672778,0.211007231
0.661876,0
0.634316,0
0.617181,0
0.625266,0.011234101
0.63259,0.937331562
0.627387,0.493711949
0.537701,0.972738969
0.181966,0.953856709
0,0.503236336
0,0.450710661
0,0.614206036
0,0.335466056
0,0.199021389
0,0
0,0
0,0
0,0
0,0
0,0
0,0
0,0
0.171485,0
0.546277,0
0.630519,0
0.631815,0
0.611538,0
0.597022,0
0.605997,0
0.624766,0
0.625787,0.006030131
0.544497,0
0.137749,0
0,0
0,0
0,0
0,0
0,0
0,0
0,0
0,0
0,0
0,0
0,0
0,0
0,0
0.166525,0
0.544252,0
0.635703,0
0.629836,0
0.603243,0
0.584525,0.010958593
0.592495,0.030358173
0.615385,0.027570173
0.607078,0.043452219
0.518872,0.038692172
0.16343,0.040045841
0,0.04620816
0,0.025788338
0,0.028551377
0,0
0,0
0,0
0,0
0,0
0,0
0,0
0,0
0,0
0,0
0.165144,0
0.530754,0
0.611398,0
0.606985,0
0.586964,0
0.575453,0
0.585865,0
0.607794,0
0.614301,0
0.532231,0
0.173022,0
0,0
0,0
0,0
0,0
0,0
0,0
0,0
0,0
0,0
0,0
0,0
0,0
0,0
0.163764,0
0.526056,0
0.612918,0
0.602373,0
0.579059,0
0.568063,0
0.576573,0
0.596447,0
0.600937,0
0.516964,0
0.161274,0
0,0
0,0
0,0
0,0
0,0.00157757
0,0
0,0
0,0
0,0
0,0
0,0
0,0
0,0
0.152617,0
0.512359,0
0.607899,0
0.609823,0
0.591323,0.012447699
0.575395,0.02971525
0.584916,0.01328641
0.606735,0.017284877
0.601022,0.166754653
0.502677,0.011395847
0.108709,0
0,0
0,0
0,0
0,0
0,0
0,0
0,0
0,0
0,0
0,0
0,0
0,0
0,0
0.134732,0
0.481643,0
0.578947,0
0.584487,0
0.565232,0
0.550239,0.007606552
0.559405,0.039553047
0.581133,0.021854854
0.575849,0
0.478733,0
0.138207,0
0,0
0,0
0,0
0,0
0,0
0,0
0,0
0,0
0,0
0,0
0,0
0,0
0,0
0.141791,0
0.507004,0
0.604595,0
0.603674,0
0.586125,0
0.570298,0
0.580175,0
0.600215,0
0.606012,0
0.507808,0
0.151003,0
0,0
0,0.021695987
0,0
0,0
0,0
0,0
0,0
0,0
0,0
0,0
0,0
0,0
0,0
0.14249,0
0.518603,0
0.62424,0.04840831
0.61429,0
0.590263,0.011146184
0.57561,0.023282701
0.587652,0.003430164
0.615566,0
0.623855,0.003049295
0.516999,0.153393868
0.145373,0.431421494
0,0.98393558
0,0.832412381
0,0.490432266
0,0.320057776
0,0.225172931
0,0.117895695
0,0.066805646
0,0.068312165
0,0.071597094
0,0.029610754
0,0.055357297
0,0.052159553
0,0.021519904
0.145922,0.029070675
0.52654,0.057499677
0.639872,0
0.630425,0
0.599712,0
0.581933,0
0.593884,0
0.615662,0
0.613154,0
0.500125,0
0.131654,0.147646753
0,0.29553662
0,0.260461693
0,0.093273846
0,0
0,0.006057925
0,0.003354338
0,0.025370917
0,0.003731116
0,0
0,0.008602455
0,0.041671921
0,0.022009166
0,0.010376163
0.1323,0.030327956
0.50675,0.054217344
0.624337,0.007663281
0.6165,0.01381874
0.591996,0
0.579155,0.014556666
0.594306,0
0.62031,0
0.62705,0
0.507079,0
0.131707,0.236776104
0,0.989731927
0,0.982662016
0,0.988697322
0,1
0,1
0,0.756074946
0,0.972838388
0,0.967410266
0,0.950068134
0,0.927479732
0,0.350608518
0,0.121635795
0,0
0.139771,0
0.524341,0
0.644571,0
0.635599,0
0.608588,0
0.514575,0.262617749
0.512712,0.055227817
0.560826,0.09426948
0.465066,0.055098743
0.27258,0
0.030705,0.007650811
0,0.221011697
0,0.030352757
0,0.036680194
0,0
0,0
0,0
0,0.015714338
0,1
0,1
0,1
0,1
0,1
0,1
0.130225,0.696012774
0.522468,0
0.647506,0.129522394
0.641947,0.120047656
0.607259,0.225304672
0.591394,0.21296642
0.605298,0.072159291
0.62974,0.03945972
0.63512,0.045519995
0.505391,0
0.126725,0
0,0
0,0
0,0
0,0.008025496
0,0
0,0.069718668
0,0
0,0.062008544
0,0
0,0
0,0
0,0
0,0
0.130422,0
0.506295,0
0.627424,0
0.615544,0
0.586375,0
0.568008,0
0.57588,0
0.595398,0
0.602769,0.005437043
0.474598,0
0.113243,0
0,0.027416983
0,0.001315804
0,0
0,0.015826939
0,0.028602471
0,0.304780666
0,0.168468754
0,0.30894004
0,0.479510031
0,0.444127473
0,0.588630149
0,0.600400905
0,0.951201213
0.121399,0.964881844
0.515788,0.863936259
0.651721,0.204388481
0.642977,0.065101574
0.616234,0.083079602
0.595737,0.369960048
0.606301,0.089934284
0.634035,0.579357422
0.634838,0.193216434
0.487526,0.235755926
0.106813,0.276022944
0,0.249870978
0,0.600029538
0,0.388630527
0,0.131317418
0,0
0,0
0,0
0,0
0,0
0,0
0,0
0,0
0,0
0.119501,0
0.501857,0
0.635896,0
0.624082,0
0.590355,0
0.571357,0
0.581706,0
0.601321,0.022651691
0.599072,0.026363763
0.455102,0.012992777
0.092836,0
0,0.014778163
0,0
0,0
0,0
0,0
0,0
0,0
0,0
0,0
0,0
0,0
0,0
0,0
0.105205,0
0.469679,0
0.606174,0
0.597997,0
0.571792,0
0.557134,0
0.569369,0
0.591444,0
0.593564,0
0.453453,0
0.089781,0
0,0
0,0
0,0
0,0
0,0
0,0
0,0
0,0
0,0
0,0
0,0
0,0
0,0
0.102239,0
0.468985,0
0.597583,0
0.587311,0
0.564476,0
0.55122,0
0.564602,0
0.594702,0
0.598275,0
0.454834,0.004709713
0.085163,0
0,0
0,0
0,0
0,0
0,0
0,0
0,0
0,0
0,0
0,0
0,0
0,0
0,0
0.095477,0
0.463232,0
0.596542,0
0.585843,0
0.561008,0
0.546757,0
0.561725,0
0.588309,0
0.581845,0
0.432431,0
0.070048,0
0,0
0,0
0,0
0,0
0,0
0,0
0,0
0,0
0,0
0,0
0,0
0,0
0,0
0.081192,0
0.446087,0
0.580605,0
0.585428,0
0.564467,0
0.548185,0
0.563641,0
0.58819,0
0.59039,0
0.435712,0.000656419
0.054385,0.01535856
0,0
0,0
0,0
0,0
0,0
0,0
0,0
0,0
0,0
0,0
0,0
0,0
0,0
0.074962,0
0.449795,0
0.594654,0
0.592284,0
0.502472,0
0.453967,0
0.555706,0
0.575731,0.0052936
0.564048,0.014501649
0.411742,0.014844242
0.049048,0
0,0
0,0
0,0
0,0
0,0
0,0
0,0
0,0
0,0
0,0
0,0
0,0
0,0
0.002098,0
0.030567,0
0.161811,0
0.50308,0
0.49372,0
0.476343,0
0.483178,0
0.590976,0
0.580481,0
0.417407,0
0.051343,0
0,0
0,0
0,0
0,0
0,0
0,0
0,0
0,0
0,0
0,0
0,0
0,0
0,0
0.001739,0
0.052629,0
0.599338,0
0.602431,0
0.569891,0
0.551962,0
0.565808,0
0.592368,0
0.595232,0
0.426864,0
0.051457,0
0,0
0,0
0,0
0,0
0,0
0,0
0,0
0,0
0,0
0,0
0,0
0,0
0,0
0.058021,0
0.451399,0
0.612502,0
0.598889,0
0.559955,0
0.542153,0
0.556654,0
0.586236,0
0.590181,0.015016649
0.424571,0.05351065
0.049125,0.14001853
0,0.085191783
0,0.015063787
0,0.017458484
0,0
0,0
0,0
0,0
0,0
0,0
0,0
0,0
0,0
0,0
0.053381,0
0.446888,0
0.600833,0
0.596677,0
0.561402,0
0.541604,0
0.553619,0
0.579059,0
0.576341,0
0.405831,0
0.043551,0
0,0
0,0
0,0
0,0
0,0
0,0
0,0
0,0
0,0
0,0
0,0
0,0
0,0
0.034391,0
0.066906,0
0.421805,0
0.428765,0
0.304311,0
0.477497,0
0.434658,0
0.404833,0
0.341951,0
0.323232,0
0.001873,0
0,0
0,0
0,0
0,0
0,0
0,0
0,0
0,0
0,0
0,0
0,0
0,0
0,0
0.000473,0
0.028482,0
0.261134,0
0.377352,0
0.420082,0
0.395798,0.011797377
0.430929,0
0.573208,0
0.566377,0
0.3891,0
0.010755,0
0,0.067215494
0,0.008230478
0,0.022600251
0,0.008949823
0,0.006553798
0,0.001100889
0,0.070167795
0,1
0,0.96401129
0,1
0,1
0,0
0,0.031963812
0.014368,0
0.373044,0.001770101
0.397296,0
0.434913,0.10751843
0.450874,0.01306696
0.413893,0.010985701
0.433584,0
0.43536,0.269060109
0.356541,1
0.133147,1
0.000386,1
0,0.314889923
0,0.011659171
0,1
0,1
0,1
0,1
0,1
0,1
0,1
0,1
0,0.466451529
0,0.582168125
0,0.093638678
0,1
0.020953,0.707011463
0.103772,0.804670201
0.147129,0.064952304
0.213827,0.481639449
0.283339,0.115106511
0.224492,0.030812796
0.141508,0.426583065
0.143175,0.262016175
0.063544,0.004542876
0,0.192533058
0,0.640212565
0,0.771407973
0,0.532426721
0,0.145730083
0,0.802974501
0,0.328027008
0,0.563215694
0,0.381638707
0,0.271071588
0,0.224120139
0,0.150239981
0,0.377106622
0,0.804645378
0.031892,0.324686103
0.378274,0.276013889
0.563769,0.271317096
0.575197,0.13809023
0.548583,0.377349672
0.532379,0.892985578
0.548791,1
0.57955,1
0.571829,1
0.382896,1
0.030567,1
0,1
0,1
0,1
0,1
0,1
0,1
0,1
0,0.540282473
0,0.080307223
0,0.009624649
0,0
0,0
0,0
0.033202,0
0.386537,0
0.568742,0
0.573178,0
0.543538,0
0.522656,4.85E-05
0.537877,0
0.56113,0
0.551705,0.016235013
0.358899,0.071294464
0.011033,0.048867697
0,0.016305029
0,0.164627653
0,0.176022667
0,0.107335909
0,0.078322149
0,0
0,0
0,0
0,0
0,0
0,0
0,0
0,0
0.013937,0
0.378521,0
0.56526,0
0.569031,0
0.542001,0
0.522997,0
0.537741,0
0.565601,0.018080115
0.55704,0.056901916
0.366273,0.031516514
0.011199,0.019762747
0,0
0,0
0,0
0,0
0,0
0,0
0,0
0,0
0,0
0,0
0,0
0,0
0,0
0.011843,0
0.373432,0
0.563588,0
0.564796,0
0.53196,0
0.511328,0
0.525266,0
0.550301,0
0.54559,0
0.355947,0.00803432
0.011042,0
0,0
0,0
0,0
0,0
0,0
0,0
0,0
0,0
0,0
0,0
0,0
0,0
0,0
0.011148,0
0.367171,0
0.562483,0
0.5568,0
0.522073,0
0.501853,0
0.514929,0
0.540427,0
0.536424,0
0.349509,0
0.009717,0
0,0
0,0
0,0
0,0
0,0
0,0
0,0
0,0
0,0
0,0
0,0
0,0
0,0
0.006248,0
0.353951,0
0.567639,0
0.577513,0
0.550524,0
0.528648,0
0.546049,0
0.57928,0
0.559326,0
0.345745,0
0.005538,0
0,0
0,0
0,0
0,0
0,0
0,0
0,0
0,0
0,0
0,0
0,0.000757405
0,0.011858559
0,0.006670106
0.010871,0.006004476
0.388801,0.002890334
0.599104,0
0.598129,0
0.558195,0
0.533584,0
0.548087,0.014690882
0.573909,0.007053786
0.566266,0
0.362394,0
0.007801,0
0,0
0,0
0,0
0,0
0,0
0,0
0,0
0,0.015565404
0,0
0,0.005891359
0,0.00623686
0,0
0,0
0.007185,0
0.361312,0.063563642
0.57461,0
0.57442,0.013175423
0.540435,0.028604405
0.518966,0.003683818
0.533386,0
0.562551,0
0.438698,0
0.34562,0.058963363
0.006619,0.363928929
0,0.618716292
0,1
0,0.038918189
0,0.022725664
0,0
0,0
0,0.006245577
0,0.002790166
0,0.02324109
0,0
0,0.016009321
0,0
0,0.011166765
0.00153,0.0073619
0.362694,0.007042523
0.586987,0.011250724
0.587369,0
0.553111,0.027368125
0.53041,0.014135343
0.545509,0.009909704
0.566974,0
0.548375,0.026390689
0.330372,0
0.004012,0
0,0
0,0.034139262
0,0
0,0.012446467
0,0
0,0
0,0
0,0
0,0
0,0
0,0
0,0
0,0
0,0
0.367784,0
0.58589,0
0.582568,0
0.546089,0
0.523076,0
0.536323,0
0.56212,0
0.552264,0
0.341029,0
0.005089,0
0,0
0,0
0,0
0,0
0,0
0,0
0,0
0,0
0,0
0,0
0,0
0,0
0,0
0,0
0.33762,0
0.563346,0
0.566982,0
0.531178,0
0.510521,0
0.524616,0
0.557431,0
0.552354,0
0.344163,0
0.005661,0
0,0
0,0
0,0
0,0
0,0
0,0
0,0
0,0
0,0
0,0
0,0
0,0
0,0
0,0
0.326289,0
0.552379,0
0.557738,0
0.524169,0
0.502744,0
0.516922,0
0.543802,0
0.536461,0
0.330136,0
0.004511,0
0,0
0,0
0,0
0,0
0,0
0,0
0,0
0,0
0,0
0,0
0,0
0,0
0,0
0,0
0.073645,0
0.404813,0
0.433369,0
0.353054,0
0.447071,0
0.424682,0
0.540119,0
0.527878,0.005513426
0.32877,0
0.000965,0
0,0
0,0
0,0
0,0
0,0
0,0
0,0
0,0
0,0
0,0
0,0
0,0
0,0
0,0
0.020057,0
0.104623,0
0.377407,0
0.18071,0
0.404832,0
0.21365,0
0.312894,0
0.381478,0
0.083203,0.010832328
0,0
0,0.024241506
0,0
0,0
0,0
0,0
0,0
0,0
0,0
0,0
0,0
0,0
0,0
0,0
0,0
0.263915,0
0.491088,0
0.512247,0
0.493203,0
0.473171,0
0.489708,0
0.520898,0
0.509882,0
0.313895,0
0,0
0,0
0,0
0,0
0,0
0,0
0,0
0,0
0,0
0,0
0,0
0,0
0,0
0,0
0,0
0.288419,0
0.507182,0
0.513954,0
0.40057,0
0.223242,0
0.379713,0
0.503795,0
0.49871,0
0.30632,0
0,0
0,0
0,0
0,0
0,0
0,0
0,0
0,0
0,0
0,0
0,0
0,0
0,0
0,0
0,0
0.298457,0
0.55351,0
0.565739,0
0.528669,0
0.508616,0
0.528172,0
0.561811,0
0.550141,0
0.327673,0
0,0
0,0
0,0
0,0
0,0
0,0
0,0
0,0
0,0
0,0
0,0
0,0
0,0
0,0
0,0
0.319927,0
0.583245,0
0.584413,0
0.542763,0
0.514293,0
0.526493,0
0.556997,0
0.548678,0
0.332014,0
0,0
0,0
0,0
0,0
0,0
0,0
0,0
0,0
0,0
0,0
0,0
0,0
0,0
0,0
0,0
0.295923,0
0.554248,0
0.559963,0
0.524652,0
0.49817,0
0.508816,0
0.539087,0
0.533615,0
0.320674,0
0,0.013533478
0,0
0,0
0,0
0,0
0,0
0,0
0,0
0,0.076385982
0,0
0,0.065455561
0,0.078226017
0,0.060252783
0,0.047955307
0,0.083639473
0.276582,0
0.522096,0.003338945
0.526559,0.035070132
0.492704,0.061419899
0.46921,0.092182989
0.483685,0.015521691
0.514439,0
0.514474,0
0.312792,0.014366393
0,0.250404322
0,0.088562868
0,0.470612473
0,0.440617228
0,0.043772503
0,0.325819092
0,0.156303323
0,0.134394086
0,0.189865025
0,0.69031479
0,0.586911536
0,0.342430595
0,0.3168195
0,0.052175438
0,0.011018357
0.270805,0
0.517402,0
0.528546,0
0.493562,0
0.473654,0.058151819
0.48845,0.054696709
0.519219,0
0.518841,0
0.311707,0
0,0
0,0.099635912
0,0.200064723
0,0.133035845
0,0
0,0.060041376
0,0
0,0
0,0.038361624
0,0.000965202
0,0.08028974
0,0.416212685
0,0.030755964
0,0.018258864
0,0.126486257
0.269695,0.469755814
0.533374,0.319496191
0.544468,0
0.508747,0
0.484537,0
0.499445,0.007716413
0.532455,0
0.531467,0
0.322099,0.02002335
0,0.034247358
0,0.044977325
0,0.043156254
0,0.402212513
0,0
0,0.149656223
0,0.117152991
0,0.019486987
0,0
0,0
0,0
0,0.032021407
0,0.137825012
0,0.067175834
0,0.039137525
0.2626,0.03050243
0.516719,0.059807931
0.542968,0.014693783
0.511881,0
0.488905,0.006547376
0.504292,0
0.537372,0
0.231519,0.071194991
0.233764,0.039105223
0,0
0,1
0,0.114937211
0,1
0,0
0,0.018372948
0,0.069759057
0,0.041584044
0,0.203829192
0,0.034532659
0,0.1349223
0,0.986254574
0,0.092291235
0,0.97721741
0,0.041436414
0,0.025443369
0.005168,0.122304555
0.531411,0.043962793
0.356266,0.305342463
0.476375,0.14237974
0.151608,0.0417551
0.092572,0.045467414
0.064447,0
0.028257,0
0,0
0,0
0,0
0,0
0,0
0,0
0,0
0,0
0,0
0,0
0,0
0,0
0,0
0,0
0,0
0,0
0.541782,0
0.561997,0
0.52325,0
0.498704,0
0.512943,0
0.548255,0
0.547944,0
0.327231,0
0,0
0,0
0,0
0,0
0,0
0,0
0,0
0,0
0,0
0,0
0,0
0,0
0,0
0,0
0,0
0.084023,0
0.531145,0
0.539417,0
0.502518,0
0.478903,0
0.487973,0
0.515854,0
0.513669,0
0.315519,0
0,0
0,0
0,0
0,0
0,0
0,0
0,0
0,0
0,0.007742829
0,0.0339618
0,0.045957618
0,0.033103584
0,0.012110388
0,0.005200355
0,0
0.049415,0
0.521705,0
0.548439,0
0.409911,0
0.484639,0
0.381122,0
0.526905,0
0.525801,0
0.320262,0
0,0
0,0
0,0
0,0
0,0
0,0
0,0
0,0
0,0
0,0
0,0
0,0
0,0
0,0
0,0
0.244307,0
0.535794,0
0.551829,0
0.516432,0
0.490091,0
0.504137,0
0.538325,0
0.525099,0
0.310992,0
0,0
0,0
0,0
0,0
0,0
0,0
0,0
0,0
0,0
0,0
0,0
0,0
0,0
0,0
0,0
0.244034,0
0.400583,0
0.420959,0
0.441959,0
0.336542,0
0.397756,0
0.40242,0
0.344413,0
0.325144,0
0,0
0,0
0,0
0,0
0,0
0,0
0,0
0,0
0,0
0,0
0,0
0,0
0,0
0,0
0,0
0.233823,0
0.532865,0
0.558614,0
0.517527,0
0.491216,0
0.505023,0
0.538933,0
0.52837,0
0.311845,0.024333329
0,0.099711552
0,0
0,0.060049646
0,0.278699852
0,0.199343532
0,0.376216727
0,0.953323763
0,0.631650503
0,0.509231046
0,0.252953732
0,0.175408428
0,0.016744232
0,0
0,0
0,0
0.202196,0
0.496057,0
0.53315,0
0.505022,0
0.480773,0
0.080841,0
0.113772,0
0.133463,0
0.010125,0
0,0
0,0
0,0
0,0
0,0
0,0.027133744
0,0.000830511
0,0
0,0
0,0
0,0
0,0
0,0
0,0
0,0
0.008896,0
0.33794,0
0.228189,0
0.171774,0
0.497437,0
0.432773,0
0.32353,0
0.292501,0
0.323798,0
0,0
0,0
0,0
0,0
0,0
0,0
0,0
0,0
0,0.001506271
0,0.02295925
0,0.067377875
0,0.036462766
0,0.04032375
0,0.061270214
0,0.136100941
0.160336,0.168455851
0.494169,0.163290111
0.540966,0.022781289
0.513989,0.017153233
0.493414,0.027829437
0.508685,0.040754716
0.543839,0.008963459
0.543074,0.000953028
0.333015,0
0,0
0,0
0,0.141636659
0,1
0,1
0,0.519131407
0,0.054837479
0,0.128495335
0,0.197729789
0,0.044711646
0,0.019416461
0,0.024601913
0,0
0,0
0,0.113484037
0.052318,0.064259918
0.512084,0.004829589
0.538925,0
0.506509,0
0.281659,0
0.491902,0
0.52278,0.019455275
0.527026,0
0.333463,0
0,0
0,0
0,0
0,0
0,0.00769647
0,0.995811472
0,1
0,1
0,1
0,0.434164715
0,1
0,1
0,1
0,1
0,1
0.110631,1
0.517968,1
0.547569,1
0.510314,1
0.380698,1
0.313865,1
0.069412,1
0.279966,1
0.020135,1
0,1
0,1
0,0.805764891
0,0
0,0
0,0
0,0.090897395
0,0.604819257
0,0.103975362
0,0.065205144
0,0.052733934
0,0
0,0.006240674
0,0.120175507
0,0.038265432
0.211403,0.065928801
0.530931,0.056218651
0.568124,0.000803606
0.530428,0.088609301
0.503675,0.141936564
0.282951,0.047520162
0.205211,0.041667729
0.553478,0.024880011
0.346372,0.012671698
0,0.002235896
0,0.033976114
0,0.043700792
0,0.031610431
0,0.136336895
0,0
0,0
0,0.033676475
0,0.114208858
0,0.391721238
0,1
0,1
0,0.961641126
0,0.103816874
0,0.047631682
0.217605,0.019005913
0.547042,0.030612438
0.567831,0.071475775
0.52676,0.034061343
0.495555,0.060808474
0.505961,0.057390315
0.541472,0.026933961
0.546215,0.009503874
0.346174,0.003914876
0.00601,0
0,0
0,0.00505382
0,0
0,0
0,0
0,0
0,0
0,0
0,0
0,0
0,0
0,0
0,0.000728436
0,0
0.204681,0.021733444
0.523671,0.026307794
0.546688,0
0.505148,0
0.473705,0
0.484496,0
0.518259,0
0.521883,0.015642891
0.333726,0.011476321
0.006155,0
0,0
0,0
0,0
0,0
0,0
0,0
0,0
0,0
0,0
0,0
0,0.037425189
0,0.031232317
0,0.025298613
0,0.125297241
0.19806,0.02595925
0.520769,0.014542445
0.551673,0
0.512703,0
0.482865,0.028161167
0.492823,0.039833013
0.527627,0
0.526464,0.160411399
0.333909,0.082654903
0.005912,0.309400307
0,0.157458334
0,0.108287795
0,0.026642492
0,0
0,1
0,0.986412488
0,1
0,1
0,1
0,1
0,0.998230928
0,0.413743179
0,1
0,0.62445894
0.197914,0.085606964
0.525246,0.048752526
0.552423,0.047225858
0.513973,0.096929346
0.485165,0
0.49426,0.374758107
0.526929,0.234910168
0.526957,0.161213935
0.339092,0.078258915
0.00553,0.146995953
0,0.104659205
0,0.063169619
0,0.060770683
0,0.000954348
0,0.012907088
0,0
0,0
0,0
0,0
0,0
0,0
0,0
0,0
0,0
0.084185,0
0.131394,0
0.382976,0
0.398756,0
0.363009,0
0.378352,0
0.311711,0
0.310772,0
0.341631,0
0.007204,0
0,0
0,0.02206392
0,0
0,0
0,0
0,0
0,0
0,0
0,0
0,0
0,0
0,0
0,0
0,0
0.187291,0
0.512011,0
0.151191,0
0.130231,0
0.235174,0
0.192942,0
0.124736,0
0.524739,0
0.082399,0
0.006445,0
0,0
0,0
0,0
0,0
0,0
0,0
0,0
0,0
0,0
0,0
0,0
0,0
0,0
0,0
0.183329,0
0.504678,0
0.539226,0
0.501203,0
0.473943,0
0.481642,0
0.509509,0
0.518482,0
0.24229,0
0.001555,0
0,0
0,0.007211338
0,0
0,0
0,0
0,0
0,0.001984792
0,0.005451321
0,0.02243731
0,0
0,0.174658211
0,0.196910834
0,0.149658241
0,0.075819899
0.174892,0.003601582
0.491247,0.031072931
0.531719,0.025083889
0.495549,0.103503986
0.467779,0.109152685
0.478105,0.018736949
0.514411,0.012431988
0.521338,0
0.340528,0.410177232
0.009773,0.117134038
0,0.512044576
0,0.948734948
0,0.893670685
0,0.684426189
0,1
0,1
0,1
0,1
0,1
0,1
0,0.068941559
0,0.016020051
0,0.036966444
0,0
0.193424,0.053521949
0.546996,0.268958173
0.57347,0.067953849
0.534986,0.082280048
0.502628,0.138891295
0.508877,0.091139407
0.541684,0.027178414
0.494009,0.209187913
0.240953,0
0.010356,0.117029877
0,1
0,1
0,0.830065699
0,0.034007886
0,0
0,0
0,0
0,0
0,0
0,0
0,0
0,0
0,0
0,0
0.196032,0
0.541935,0
0.569503,0
0.530201,0
0.4961,0
0.50348,0.00299128
0.537488,0
0.543853,0
0.29643,0
0.00318,0
0,0
0,0
0,0
0,0
0,0
0,0
0,0
0,0
0,0
0,0
0,0.037051102
0,0.02345763
0,0.060151226
0,0.192936843
0.17952,0.358837476
0.515415,0.241101314
0.323094,0.279552574
0.398341,0.042357096
0.478691,0
0.483314,1
0.513978,0.715776633
0.373121,0.098682995
0.280153,0.009000022
0.003145,0.091890857
0,0.21228517
0,0.273091254
0,1
0,1
0,1
0,0.138133584
0,0
0,0
0,0
0,0
0,0
0,0.003042577
0,0.029241524
0,0.895118243
0.133462,0
0.423794,0
0.303159,0
0.344182,0.415829291
0.359728,1
0.358002,0.840943447
0.37223,0.424323257
0.470193,0.225583523
0.172484,0.211542267
0.00188,0.653867506
0,0.950578779
0,0.738423532
0,0.391689654
0,0.069210731
0,0
0,0.004044374
0,0
0,0
0,0
0,0
0,0
0,0
0,0
0,0
0,0
0.035331,0
0.166712,0
0.290986,0
0.190526,0
0.291749,0
0.39302,0
0.22116,0
0.034746,0
0,0.006767034
0,0.03119096
0,0.019005913
0,0
0,0
0,0
0,0
0,0
0,0
0,0
0,0
0,0
0,0
0,0
0,0
0.081036,0
0.082419,0
0.106486,0
0.031391,0
0.08421,0
0.105068,0
0.007849,0
0.003232,0
0,0
0,0
0,0
0,0.000247236
0,0.004854773
0,0
0,0
0,0
0,0
0,0
0,0
0,0
0,0
0,0
0,0
0,0
0.160437,0
0.478515,0
0.513353,0
0.332162,0
0.36422,0
0.148313,0
0.197004,0
0.199055,0.009304276
0.234184,0
0.00601,0.263908927
0,0.095818523
0,0.108370114
0,0.05875325
0,0.147783309
0,0.010208232
0,0
0,0
0,0
0,0
0,0.04301338
0,0.02411158
0,0
0,0.037700714
0,0
0.164613,0
0.491749,0
0.537538,0
0.510439,0
0.481829,0
0.487602,0
0.519289,0
0.346499,0
0.376243,0
0.010165,0
0,0
0,0
0,0
0,0
0,0
0,0
0,0
