Run1,Run2,Run3,Run4,Run5,Run6,Run7,Run8,Run9,Run10,Run11,Run12,Run13,Run14,Run15,Run16,Run17,Run18,Run19,Run20,Run21,Run22,Run23,Run24,Run25,Run26,Run27,Run28,Run29,Run30,Run31,Run32,Run33,Run34,Run35,Run36,Run37,Run38,Run39,Run40,Run41,Run42,Run43,Run44,Run45,Run46,Run47,Run48,Run49,Run50,Run51,Run52,Run53,Run54,Run55,Run56,Run57,Run58,Run59,Run60,Run61,Run62,Run63,Run64,Run65,Run66,Run67,Run68,Run69,Run70,Run71,Run72,Run73,Run74,Run75,Run76,Run77,Run78,Run79,Run80,Run81,Run82,Run83,Run84,Run85,Run86,Run87,Run88,Run89,Run90,Run91,Run92,Run93,Run94,Run95,Run96,Run97,Run98,Run99,Run100,Run101,Run102,Run103,Run104,Run105,Run106,Run107,Run108,Run109,Run110,Run111,Run112,Run113,Run114,Run115,Run116,Run117,Run118,Run119,Run120
0.7686464634305858,0.6337274175865669,0.8369513560295326,0.7600204398741873,0.8236307277304012,0.8679595112041429,0.8053517841499436,0.7160096612962968,0.8237204599780364,0.7772805909570507,0.5519371214198081,0.5561643165567612,0.6352717472560347,0.677192315094256,0.8256039373018531,0.8295026381322476,0.7598343550669083,0.8236033842712742,0.8132466772498295,0.8183856518473411,0.7948329721402857,0.7888284966600522,0.7803876305592334,0.7848079567280022,0.7523773454431436,0.6496973876647747,0.7447446071677459,0.7835666617135068,0.7956936006719466,0.8007308003432929,0.8070501576370552,0.8138384141426446,0.8150958951183586,0.8186362622109639,0.8211127753056313,0.820985917283825,0.8284853147656468,0.8405054023293967,0.8440277527223389,0.7203065230360085,0.5993054666899952,0.6602560259363858,0.7363701781543702,0.8282726381173273,0.6117958553676968,0.8355927784306919,0.8693460167924242,0.837441142791799,0.7821312151950615,0.6757481891492739,0.6017567997818137,0.5478637441731051,0.8170044223680076,0.856302566968435,0.7817731780614507,0.5858232115426717,0.41496061240809,0.39763219895763047,0.4725183158340244,0.7251396496623639,0.5692296997275395,0.6790118955385832,0.5902140137537659,0.7591676951393325,0.7793779327190147,0.8133327362761866,0.8197960685487967,0.8287418762280501,0.8456670318165779,0.8571602138293298,0.8695653653498663,0.8848987089186859,0.8185648544587959,0.6098783378586606,0.5446849595158192,0.36539728980613645,0.297832716767283,0.43141871770439477,0.3852448700979301,0.6249654058810747,0.8427055411018413,0.8591416040563836,0.8654217858997523,0.8024018508192423,0.30669266252740857,0.5707759278812506,0.5538183926538921,0.6467231834960057,0.8365453571463289,0.8176350707303756,0.5520679380248816,0.7132064221393052,0.7492428936376653,0.5469053091636988,0.5012804502131322,0.37614119976794264,0.42440452572572,0.7273163785427296,0.7607980273755663,0.6372183512522771,0.835212839953953,0.8213152635257648,0.6236065121972746,0.69426763148517,0.8455010881456458,0.879836640023646,0.6207678741860316,0.41688393624604964,0.4658260605856385,0.6184626989865395,0.449990557216923,0.4058906585785392,0.41236818665078895,0.5237928700356177,0.5384500400225191,0.4501685560353214,0.4749990013627191,0.5089867164345583,0.47785117317330494,0.5761500557617764
0.6340870808509332,0.8370071820024674,0.7603000455476125,0.8168661867263987,0.8639450570938572,0.8060510371228564,0.7179187017417034,0.8267502611581636,0.7768653625841492,0.5532426324491919,0.5594858633840387,0.6348044634571651,0.6811042376576439,0.830029072708647,0.8308892092509523,0.7563087353280917,0.8250552706135257,0.8089187382981705,0.8161524525196587,0.7940112059308143,0.794018503941248,0.7829313848303665,0.7901293101287977,0.7517496524351563,0.6494808791714253,0.7438244934589542,0.7851111249264932,0.7928904653880534,0.7997423092310071,0.8109822575781448,0.8156815166493555,0.8147416116941414,0.8193480478658361,0.8246152552703688,0.816365034169375,0.831694031666953,0.8412327003506033,0.845775980556861,0.7223774760499916,0.6000654478600048,0.6632661777606143,0.7375246709035299,0.8297327556373727,0.6139115285971032,0.8349790688149079,0.8696643095894757,0.8370791801093009,0.7803901424645385,0.6722861566595261,0.6019175303871863,0.5447850388564948,0.8234426829287922,0.8569606004434649,0.7836264009918494,0.5874406460056284,0.41478109506170996,0.3973014559138696,0.47066228005957556,0.7205474042156362,0.5718318705524605,0.6760063177552168,0.5937420917842339,0.7546761753336675,0.7777117046569852,0.8101335203318135,0.8274981876029032,0.83393913608875,0.8436992523690222,0.8593618723555703,0.8642361162887335,0.8832739026600142,0.8183743634232041,0.6087578367640393,0.547066353861481,0.3633022752678635,0.300002899475917,0.4330041267948052,0.38596165211046984,0.6206360640813253,0.8428464611971587,0.8599740494064164,0.8648732826228477,0.7999726753826578,0.30689774618499144,0.5700713834028495,0.5533578287896079,0.6409646006647942,0.8302551233366712,0.8158922924428242,0.5512220819751183,0.7088301925766949,0.7498163569176347,0.5430693542678012,0.4986084682684679,0.37732973814955734,0.42248529236907995,0.7230820267429704,0.7620625251364338,0.636115896933723,0.8380161258805469,0.8249787976574353,0.6201035701977254,0.69445331372523,0.8446279851931541,0.8839402183947539,0.6196273662529683,0.4152886991319505,0.46758477543736154,0.6213449188014605,0.4502914030180769,0.40803270460266083,0.414089715442011,0.5237754145788822,0.5401500879807808,0.4514570203346786,0.47412787916978083,0.5104999382266417,0.47625812320469507,0.5768240727556236,0.7075113941982566
0.8306150444592,0.7588257586614,0.8293271825776,0.868768177814,0.8077184880714001,0.7107359355088,0.8215995984909,0.7739587678665999,0.5482044618892,0.5547354943920001,0.6385427306621,0.6766043958021999,0.8290945722225,0.828199260482,0.7629795115378,0.8190285705888,0.8099466239412,0.822416303037,0.7919965548531,0.7834804172847,0.7856308799694,0.7827108711752,0.7527790683958,0.6434836061167,0.7482012484431,0.7803730245728,0.80127342525,0.7974714527650001,0.8129752402824,0.8207771547612001,0.8118528438749999,0.8193206717472,0.8236028197710001,0.8174860769592001,0.8280150714137999,0.844309733087,0.8520075691624001,0.7230035785104,0.595965547485,0.6604098291170001,0.7401529855476,0.8342508571138001,0.6124875176992,0.8299299172996,0.869808988686,0.8342948563444,0.7833265779455999,0.6761078805649999,0.6035851147878001,0.5411598184144,0.8194869719286,0.8652575517598999,0.7812511430251,0.5871873130308,0.4102517414286,0.394271852189,0.47640340685120003,0.725526364786,0.5685079294224,0.679305673548,0.5864494159079999,0.7591929281414999,0.787136304448,0.8189720309512,0.8222081199651,0.8305111560924001,0.8495744781792001,0.856073680482,0.870637007418,0.8851055020719001,0.8093668847479999,0.6084318731315,0.5421944931114,0.365994125152,0.29993321480319995,0.4290117778672,0.3818785532445,0.6281083410042,0.8533027743768001,0.8668345523095999,0.8636319346968,0.7950609373848001,0.30805647011160003,0.5697095906783,0.5491943349714999,0.6424257337278,0.84333658215,0.8121888900113999,0.550762377984,0.7133015573164,0.7509134183087,0.5490505347393,0.49713887854960004,0.3731510866638,0.42352958109479993,0.7265420969172999,0.765223771056,0.6392748515743001,0.8299948410768,0.8124845042886001,0.6179064591150001,0.6922019111681,0.8492469787596001,0.8801297525131999,0.616620573912,0.412653090584,0.46602839049300004,0.6145305269,0.4487871726585,0.4102154227986,0.4134561928832,0.5282613774152,0.5354078481198999,0.4495093414395,0.4785310044477,0.5139514450576,0.4760510269095,0.5805600549918,0.7087654277405,0.427741884936
0.7551400410645874,0.8213302362392013,0.870992012074143,0.8160019530067438,0.7243139893098969,0.8309093531761366,0.7709743179264508,0.5495651359236082,0.5597827618287614,0.6423447183271349,0.669323244519456,0.8319530454133534,0.8247605630094478,0.7666826801929084,0.8282055917720743,0.8128409330238295,0.8201014021318414,0.7965825377800858,0.7893027105714523,0.7814778111836336,0.7779662159672024,0.7587044859019437,0.6515160553715748,0.753547852487946,0.7759490524367068,0.7872048624044468,0.800089617265693,0.8094740551930554,0.8205061104662447,0.8186932289683586,0.8159259993633641,0.8251351552686315,0.816720487221425,0.8254978881700469,0.841596350200397,0.835145624568839,0.7201620379084086,0.5924656325599952,0.6527416312343859,0.7398336578756702,0.8239749320969273,0.6169222953324969,0.846472166274692,0.8663077618419243,0.8348517214314992,0.7772977908486615,0.675545862601474,0.6009732361217138,0.5428904515579053,0.8162678416482076,0.8515818879339351,0.7840440293341508,0.5868170570545718,0.4173633793476901,0.4005691948366305,0.4749720576284244,0.7234719396493638,0.5764663948299396,0.6790796905159833,0.5980191481457661,0.7643909788208325,0.7769566958230147,0.8066631855225868,0.8168358232923968,0.8399381021190501,0.846679032386178,0.8629074018646298,0.8674800072482665,0.875238500675386,0.8156258583067959,0.6059667718234608,0.5448485667859192,0.36148740847713656,0.302461776639283,0.43716942990519486,0.3825569365909302,0.6269635634426748,0.8469331608718415,0.8618111720199838,0.8724368467411524,0.7926317627490423,0.3094305320940086,0.5740320641159508,0.5565265060093921,0.6375696159474058,0.8272770046098289,0.8145307478757756,0.5569775786138818,0.7183437345457052,0.7402669388416654,0.5457054371298988,0.5001281581435323,0.37482755180644267,0.4202979314268201,0.7355189219488296,0.7543490862155664,0.6316848807431771,0.8278854376651532,0.8113088926875648,0.6250367072822748,0.70325003230407,0.850908690040046,0.8825625889024462,0.6238783492360318,0.4143038140580496,0.4652657619496386,0.6188332701585396,0.45301406054202303,0.4110966445113392,0.417574090548389,0.5287675757111178,0.5436038707073191,0.45277544952632154,0.4807008900067192,0.5102108961369582,0.477660007215305,0.5801363871175764,0.7041278708468434,0.4205702498890126,0.40502763716376045
0.8161267430327986,0.8746021315798571,0.7965304316296564,0.7111893324893033,0.8187350583970635,0.7660434866427492,0.5485538239101918,0.5652753758192387,0.6444262529322652,0.6895838395701439,0.8163413850916469,0.8202403387997523,0.7712228656024916,0.8343418678919258,0.8025079795273705,0.8214631081621587,0.7912278060493144,0.7964686091501478,0.7891609883983666,0.7876914484783977,0.7516743293344563,0.6591587894683253,0.7532991727442542,0.7957129522704932,0.7986025135680535,0.8093600553950071,0.8167996117125449,0.8209668856863555,0.8308478564316413,0.8154058473602361,0.8170630316663687,0.8308839018817751,0.841818088463153,0.8486175782466032,0.833679367928761,0.7141418237767915,0.5910056675650049,0.6532469848246143,0.7415039880301297,0.8287409773249728,0.6076865657827032,0.8487875226169079,0.8761748559119757,0.825385019127301,0.7736857151453385,0.6818629465887261,0.5954681987232863,0.5448396904236947,0.8281076941541923,0.8597071773362649,0.7783799514997494,0.5857452624853283,0.41183977691150997,0.4031754476718696,0.46528292304877555,0.7191697307266363,0.5765613642020605,0.6847518698398167,0.5951612071282341,0.7670909365476675,0.7776336002409853,0.8009425540494134,0.8328430748714033,0.82747020557395,0.8522169238298222,0.8577320727634703,0.8738808975086335,0.8900980864649141,0.8097206525312041,0.6063131079920393,0.5479389259686809,0.3649100769358635,0.300988441255117,0.42898295209800524,0.3903007447717698,0.6179510398579253,0.8409863084983588,0.8746136156584164,0.8750061482826477,0.8071000347125578,0.3100355292837914,0.5660726196058494,0.5453440239621079,0.6414802946111942,0.8244102163316711,0.8261855734870243,0.5495119824441184,0.7172496767982949,0.7373248198265345,0.5471598271103013,0.5075262068940679,0.3809704196428573,0.4190137384256799,0.7146617166977703,0.7666147188964336,0.642221795426523,0.8341858928659469,0.8323605466364353,0.6219068596527253,0.68804726042803,0.8416707029071541,0.870926010844354,0.6300163529199684,0.41341602980195047,0.4716936321013615,0.6170833503234605,0.454578459971577,0.40782934577716085,0.411734663678811,0.5169679226018823,0.5391300589910808,0.45667080731667853,0.4684735062644809,0.5128972901438418,0.478121991295195,0.5741665185184236,0.7170231185164565,0.4251572558743874,0.4077428452922396,0.44745853163638544
0.858890889266,0.8095741993116001,0.7196845648338001,0.8184596221515,0.792566166068,0.5471012128212001,0.5590219603296,0.6344009007556,0.6808781151661,0.822745464111,0.8415935428464,0.7709692241848001,0.835793755056,0.8235796299347999,0.8129388252749999,0.7953366347109,0.7819787398986,0.7848521795234,0.7941924131415999,0.7542102073091,0.6547853268661,0.7535727201639,0.7784097232127999,0.7962753830925,0.812699550858,0.8182270183204,0.8170367397503999,0.8171670870625,0.836485669782,0.8232744622229999,0.8095294093427999,0.8287619280627,0.8293721391609999,0.845916967,0.7220644251810001,0.605205323415,0.6544114965040001,0.7439849205584,0.8158203101417,0.6143794181623999,0.8449099974848,0.8607810311188,0.8375525154751,0.771009141708,0.6647775938882,0.5991851034657,0.5505052364056,0.815558541423,0.8534987694376,0.7951111663102001,0.5918642330868,0.4093817740884,0.3960578631965,0.47904589801440006,0.731472113528,0.5801322270672,0.6714414561695999,0.589346776402,0.7577546326349999,0.77440528464,0.8264549415528001,0.8273063201288999,0.8386387867392001,0.8473818102784,0.8409765895236001,0.8521294542662999,0.8879415265103,0.830511329286,0.6160105323247,0.5454121027567,0.370598284474,0.3030092997504,0.4238231653552,0.38560326110419996,0.6317300015846,0.8453548492092,0.8477170010864,0.8602543128101999,0.7856912627601,0.30670291661800003,0.5753649851912,0.556434393126,0.6529974596289999,0.845340550266,0.8270569626308,0.554899715559,0.7187956275288001,0.7358786940254,0.5487778365498001,0.495485589928,0.37941906408009995,0.4166288092317,0.7179040202329999,0.76970009492,0.6281443074468,0.8239164278145,0.8350398483911,0.63077821488,0.691435970013,0.8566824313644,0.8832074367312,0.6315508541520001,0.41431768554400006,0.46346035507800004,0.6148393362100001,0.4510435184235,0.40004748152360003,0.41779444613120004,0.5142798362009,0.5279992165105,0.4469024479485,0.4658918179535,0.5187971563796,0.4747128652035,0.5884749447852,0.7226780991313,0.4222459981674,0.40524485369999996,0.4553924072412,0.617807937104
0.8177769811495438,0.7253162357942969,0.8329751270836365,0.7800833789706507,0.5577291790268083,0.5481480685695613,0.6510107009007349,0.6775314991707561,0.8213986838773532,0.8338287417530477,0.7684328077251084,0.8244252070392744,0.8145450587730295,0.8016366609748413,0.8039784288937858,0.8016322722678522,0.7809327208714336,0.7818196101888023,0.7612654713257436,0.6357326177732747,0.747728758123746,0.7951108737103068,0.7915682325419467,0.8062610043875931,0.8256333722330553,0.8291253276650447,0.8141965616558586,0.815679611831764,0.8084710097076313,0.816802514722625,0.8382774352734469,0.8441978412773969,0.851218046941839,0.7300592691490085,0.6135251218549952,0.667770420638386,0.7276009422642703,0.8218260790867274,0.6057539796948969,0.8537529873702919,0.8534602837655243,0.8252458034819992,0.7837683427962616,0.687752897652074,0.5929567771376139,0.5546951900731052,0.8173317915768077,0.8494361247364351,0.7915613300989507,0.5855893655398717,0.40961652731829007,0.39723530762263054,0.4750192449706244,0.7284750696883637,0.5761814855739396,0.6771136361713833,0.5908644416197659,0.7730964516233326,0.7818772740310148,0.8278105415705868,0.8217695653863969,0.81704804029745,0.824921020139778,0.8581895609401298,0.8866826797671663,0.866819053123886,0.8006859612007959,0.6235688189818607,0.5400494201963192,0.36948987587013654,0.298430014815283,0.4280028811339948,0.37925461828233015,0.6375163330648748,0.8410990455892414,0.8743839759775838,0.8605718672933523,0.7970363106495423,0.30140149887060863,0.5712329294580507,0.5437596859048921,0.6425331701815058,0.8472331870983288,0.8353623880842757,0.5424141503498817,0.7148475080469052,0.7606872360025655,0.5402514733398989,0.49501799331313223,0.3788435612887427,0.41534461665392003,0.7414712100842297,0.7760478764715664,0.6481580860518772,0.8258037892876532,0.829271148536465,0.6141547881572746,0.7099346096576701,0.859865030677646,0.8642723512640461,0.6358225734280317,0.42454107306204963,0.45947600937763855,0.6156216533345396,0.4479147191131231,0.40589065857853923,0.41117000242038904,0.5194465482349178,0.5470397578305191,0.4419883040463215,0.4792754178457191,0.5145975400705582,0.469678828468805,0.5864336352013765,0.7046957349852434,0.4213371178102126,0.41590204680576043,0.4525319968864146,0.6225137423486375,0.6657149938067025
0.7238605916135032,0.8346002020066635,0.7830937803921492,0.5396175064593919,0.5604878943824387,0.6413039503873651,0.6740492088664439,0.8296992489106468,0.8253151911241524,0.7560804578238917,0.8079613570391257,0.8112720548089705,0.8235056680246586,0.7936931030872143,0.7906990065614478,0.7884601579969664,0.7996448346351978,0.7368356784965564,0.6322035359568252,0.7403181160856541,0.7810274580976931,0.7743263088030534,0.813207153860607,0.7961156859013447,0.8134860556647554,0.8111442778441413,0.8015260164134361,0.8427570097973687,0.828341049344575,0.8101181729209531,0.8467713587726032,0.865908804371461,0.7347309544597915,0.603965353285005,0.6477759781556143,0.7538103946994299,0.8251871050388727,0.6142777028803031,0.847364833437308,0.8486569467888757,0.821041473619701,0.7824170623517385,0.6917769474309261,0.6025805457918862,0.5604700386428948,0.8210692561649923,0.8406528001424649,0.7739165541706493,0.5775021908866284,0.42087086644310995,0.38710134860436957,0.46400886480937553,0.7185896576786364,0.5633415747236605,0.6944465516080167,0.5935647023662339,0.7372652297286675,0.7819293431209853,0.8299795006230134,0.8439439945829031,0.8399933915705501,0.8338322468154221,0.8400616140280703,0.8811796508642336,0.9029488222014143,0.830701819505204,0.5993456309918392,0.5547558955561809,0.3580403788998635,0.29704627413831697,0.4249617774012052,0.39229749537696984,0.6356222457933253,0.8379424222639588,0.8418898793304164,0.8566457421298477,0.8104635076547577,0.30539037979439143,0.5587034691799494,0.5440728687136079,0.6338093471584941,0.834680552926171,0.8214473964984242,0.5612620211571183,0.729807551569495,0.7563239241447346,0.5535955043825013,0.5116844782756679,0.3811580836373573,0.41943709866267986,0.7387612247581704,0.7773123742324337,0.6297555860037231,0.8495900908594468,0.8010291231922353,0.6191086518777253,0.6898576667946299,0.8491906492915541,0.8664413852695539,0.6205605087679683,0.42490173502595047,0.4781837579683615,0.6148599232914604,0.44659099596347696,0.41173383522676077,0.410081995774811,0.5352434202939822,0.5325803991624809,0.4579293076226786,0.4651949202941809,0.5081025863094417,0.48858832749569503,0.5760730248190237,0.7210691505025566,0.4243051804063874,0.3983346481862396,0.45581394127038544,0.6172067547553625,0.6456083399052974,0.5308699160438659
0.8387868374012999,0.7913983377289999,0.567345833219,0.5492799922896,0.6198726358528,0.6958022145321,0.838906830213,0.8549046309104,0.7778936418122,0.8229733198752001,0.8060514793715999,0.8411261513775,0.7755347326968,0.7986552624495,0.7632821771692,0.7708361257167999,0.7333457084152,0.6453022738235,0.7237312106039,0.7891686146655998,0.774141196395,0.8224775927914001,0.8074002759036,0.8101251033174,0.823952966825,0.83771760744,0.843632630199,0.83052844965,0.8378901759937,0.8214837468630001,0.8434638077957,0.7187412672462,0.6091652273850001,0.652829518672,0.7483326929745001,0.8178038667665001,0.6149897086344,0.821812220216,0.8428987305529999,0.8540914002925,0.757756203984,0.679817200608,0.5996070223596001,0.5625285811896,0.837655963017,0.8414824955316,0.7899430220343999,0.6001073046855,0.4027120244802,0.3883581712975,0.4585665914996,0.7408983005580001,0.5803031726208,0.6755091548136,0.575096493156,0.762750817026,0.769953332928,0.816613287392,0.8113538873582999,0.8534841529206,0.8249491309856,0.8420917155603,0.8716796864688,0.8926386919864001,0.799325314562,0.602625642298,0.5585006843647,0.369209728488,0.3017251089472,0.4374865116368,0.3811873703427,0.611311329002,0.8638718238018,0.8744126807224001,0.8606873412572,0.8014675525128,0.29852007049760004,0.5822771340403001,0.565608817963,0.6361084828843999,0.8302272907245,0.8272203480441999,0.535316317704,0.7015285497184,0.7295955256682,0.5600130019572,0.4981909713088,0.38602483668649995,0.4111674621744,0.7349624069624999,0.7687137862720002,0.6540307729319,0.8353238609232001,0.816913553676,0.63475788816,0.7107237609186999,0.8388542438688,0.8530461313948,0.627818284092,0.41065557663200003,0.47868180135599997,0.632503228742,0.4539316410027,0.4159908134428,0.41093587432960005,0.5153795079818,0.5435143943012,0.4389918745965,0.46579678647609996,0.5111970407272,0.4905796397175,0.5872039405848,0.7040805485987,0.42071226232500003,0.40658888185799996,0.4641542962628,0.6201090135759999,0.6379569433439999,0.5107153882832,0.6262708126452
0.7655244523444507,0.5426146667952082,0.5699700769791614,0.6200425572921349,0.6716296962396561,0.8226355231198532,0.8332463816502477,0.7796944979323084,0.8401220219080743,0.8130843795594295,0.8171601159298413,0.8007178747468857,0.8121440139705522,0.7796868001578335,0.8013225033920023,0.7552396232697437,0.6478787199579747,0.7243031731191459,0.7752422639471068,0.8099737211219467,0.7777283574343931,0.8057574122738553,0.8311581619100447,0.8274412908308586,0.8040993978465639,0.8480380942416312,0.8343563999794251,0.8501441575837468,0.8207005025173969,0.871943012633339,0.7296980563300086,0.5891657125849952,0.6559715026413858,0.7525822108923703,0.8275288043830274,0.6115517391788968,0.835258028035492,0.8910478378674243,0.8085398592219991,0.7842360935394616,0.681683101218074,0.5860252524521138,0.5625650157499053,0.8187231107142076,0.830124255958935,0.7661121348014508,0.5879278255678717,0.41786050354209003,0.40398246031763047,0.4741698728110244,0.7375387110633639,0.5766943222347395,0.6664020297421833,0.598906095235766,0.7644666785843325,0.7696148807190147,0.8375708597465867,0.8193026943393967,0.8422602823038502,0.825258353662978,0.8376883976500298,0.8926780843092664,0.891279763905086,0.797012216010796,0.6156845686921608,0.5338868796892192,0.3583448870351365,0.291501357458483,0.4322834864563948,0.3734947607673302,0.6355806179270748,0.8695932028390413,0.8738672854039836,0.8547692861035523,0.8191391328411423,0.29817142803360863,0.5581512593221507,0.5397251496813921,0.6266111195864058,0.8524101047313288,0.8095474927670756,0.5484822454598817,0.6993642192665053,0.7709347843946653,0.5569406025372989,0.5031341374555323,0.36315485134854264,0.41995924323722006,0.7156295689110296,0.7812828992955664,0.643006234198577,0.8271360442492531,0.8103246594903648,0.6114809451722747,0.6980277062465701,0.8441491876720459,0.8934663844176461,0.6257446342660317,0.4290770943280496,0.46064329820263855,0.6054927079665396,0.45585705620592304,0.4176447986924392,0.40976523470198906,0.5341612039698178,0.5389868973855191,0.44063991086132154,0.4889686285405191,0.5095988062857583,0.487266096604805,0.5684662576411764,0.6919897748885434,0.4261513442044126,0.41610568743576043,0.4452605322860146,0.6072768846286375,0.6441302295987026,0.5139492025673341,0.6030460408328235,0.6695884970678999
0.5436443655575919,0.5516922889520388,0.6356965498985652,0.695349968870644,0.8169185767381468,0.8117545201589523,0.7458079701348918,0.8266167338727257,0.8016153422301705,0.7989132472801587,0.7757998181347143,0.7944927178526479,0.7650212745723666,0.7660652564183977,0.7675675035821564,0.6442197333053252,0.7618040029688542,0.7763155348336931,0.8085192638805534,0.7930098869162071,0.8057304795401448,0.8311310569113555,0.8037043373816414,0.8316674244458361,0.8276525625893687,0.846058989603775,0.811943822507153,0.8234418581466032,0.863201870077061,0.7230276591241915,0.6192649822600049,0.6691326788876143,0.7497573865149298,0.8498989146561726,0.6307555456243031,0.8238486181745079,0.8854632353320757,0.856792194336101,0.7935651217313384,0.679907123293326,0.6139120817994862,0.5479001781868947,0.8389927203467924,0.883310572508765,0.7784582567160494,0.5882006455147283,0.41511251119130993,0.39746021244786955,0.4704263433485755,0.7457080726726363,0.5732564168324605,0.6592609583374167,0.602079394430234,0.7310578491216674,0.8065322341609852,0.8414478744798134,0.8199331163921032,0.82514802538915,0.845554586746622,0.8466665913223703,0.8551126745942336,0.8722843079612143,0.839763724307204,0.6015458868866392,0.5289059468803808,0.36209642401686354,0.296478840992717,0.42483206208840524,0.37832024114056984,0.6245074943569252,0.8749763714491586,0.8870141894248164,0.8361201937420477,0.7974901120205578,0.29908405101739144,0.5688146290666494,0.5446255449086079,0.6459926166421941,0.8361835290131712,0.8308420577689244,0.5708606443311183,0.7349448639758949,0.7210185019471346,0.5592130870862013,0.5191994265556679,0.3718124167112573,0.4259991823361799,0.7126292280661704,0.7827750067444338,0.6379603871034231,0.8167833124300469,0.8379378680872354,0.6246428850327254,0.6734943784811299,0.865497948754354,0.9038132650595538,0.6172011957139684,0.4018887097039504,0.4600674354043615,0.6042368830274605,0.44722277277767697,0.39945096216656084,0.419956686501211,0.5365525533664822,0.5451428614566809,0.4626486837701786,0.4844863102063809,0.5172329265898417,0.49403655729869506,0.5780950769560237,0.7297290786131565,0.4391312935495874,0.4066024577642396,0.44673590161398546,0.6019077057793624,0.6542161612812974,0.5077437751430659,0.6032097392571765,0.6466661973519001,0.46074293569104874
0.5476656090144,0.6259260795623,0.6947168254873,0.8276103651315001,0.8416767371468,0.771197501689,0.8050575835328,0.8203336761267999,0.8286256850189999,0.7998696002322,0.7917791607342001,0.8068894021452,0.8000118248232001,0.7734929210882999,0.6603712348226999,0.7218661162564001,0.7685932164128,0.7639864440749999,0.821515818175,0.7783943018168,0.8088240894006,0.8277138158499999,0.8076583285848,0.8336177249850001,0.8061662817936,0.8490100416550999,0.8655412570380001,0.8329744374049,0.7146234411096,0.575986032,0.6679242238190001,0.7534173759696,0.8260686860365001,0.6231676009591999,0.8080874540128,0.8739757383323999,0.8592702430131,0.7868347085196,0.6958009978842,0.5921933046525001,0.5612715951439999,0.811466426313,0.8448298861196999,0.7644938267369,0.5716365538446,0.4174600422474,0.393874960854,0.47729996635300004,0.7318346591830001,0.5554590854976,0.6957120580788,0.584320742892,0.7451127721304999,0.7878392441919999,0.8209240945864001,0.8541129855063,0.8182367751156001,0.849237144656,0.8789766536972999,0.8536065829216,0.8822694776335,0.807080998852,0.6345904709919,0.5539196808019,0.35689542934900004,0.3015757844352,0.44202654758480003,0.3852960687034,0.6336032742986,0.8239630931730001,0.8810435430835999,0.8728987434626,0.787212833853,0.3111327280516,0.5571991725134,0.549249602591,0.6432637363907,0.8086846334775,0.7860472238674,0.55054171998,0.7040972059216001,0.7531574070076998,0.5387970828141,0.48897263475200003,0.38459859032829996,0.40968570134489996,0.7007730446238,0.785405163392,0.6554936444458,0.8228339706582,0.8386487034475,0.60578089209,0.6706859278112,0.8656387720019999,0.8484735719852,0.634101443693,0.400709621746,0.44935950607200004,0.62533885275,0.44499651177329996,0.4180650734629,0.3977971644928,0.5397817484531999,0.5163494117334,0.46443155935350006,0.4762977647288,0.505229164678,0.46262161836,0.5916524552862,0.7252334877541,0.4293182245518,0.42092518221,0.45308902404480006,0.6384554340959999,0.638348207952,0.5132325192656,0.604355631297,0.6675819777881999,0.445598414565,0.3898744843692
0.6236109030577349,0.679023909107356,0.8117513377858533,0.8544609282522476,0.7315279445461084,0.8402042041848743,0.8178721614262295,0.8107873291588412,0.7636588934674858,0.7698599402040522,0.8106790779086335,0.7753710729200023,0.7369361097996437,0.6735998775255747,0.739074720351346,0.8156862719631068,0.7810961442119467,0.8108294338154931,0.7963042118054554,0.7874115689576446,0.8130519554308585,0.826849179930964,0.8156127863766314,0.7912099343482251,0.8275724899725468,0.813651300889397,0.8794716736396391,0.6973333877476087,0.6072252746299952,0.6375150946013859,0.7092518688471703,0.8273635079976275,0.5850041036468968,0.8217006370298919,0.8975583841899243,0.8455435257578992,0.7833785505102614,0.6696109505326739,0.5938006149254138,0.5513067929067051,0.8404113207972076,0.834501612881835,0.8044033855721509,0.5795093694670717,0.42121609185429004,0.3856063915071305,0.4694983259332245,0.7191213917893639,0.5836461080811395,0.6859269832333833,0.599852172131766,0.7529603145323326,0.7762537560790147,0.8310639809625867,0.8373930820173967,0.8639063190264502,0.869786378725378,0.8623069493833299,0.8388063333512664,0.9099798000457859,0.7842765660187959,0.5920318178230607,0.5500839994291192,0.36525112601813653,0.308882730655283,0.4312457639539948,0.38966076085943013,0.6354557330794748,0.8092227925234413,0.8707671419623838,0.9001506673491524,0.7722106770285424,0.3033703039522086,0.5756315696347507,0.571946171849892,0.6295763597782058,0.832119927556829,0.8349539245507757,0.5400972413078816,0.7357535154785052,0.7550024646317655,0.5454327389403989,0.5223223053971322,0.37381416623614266,0.4202979314268201,0.6953046825950295,0.7260496150075664,0.6508930197517772,0.8572783127554532,0.7974476084936648,0.6062576239922747,0.7115361229819701,0.8522605905136459,0.8883662219992461,0.6079527169800316,0.3984901619380496,0.44752297180963857,0.6078396587225395,0.43956623978262305,0.41634330220923926,0.42042494268278907,0.5318047644393178,0.5277128927625191,0.4417186254093215,0.48934875445011916,0.5260232172929584,0.461506483764305,0.5976993542503763,0.6848914731585434,0.42448979704181256,0.3962710900737604,0.4386213689552146,0.5980725787406375,0.6781702504947026,0.5377570664425342,0.6217077078632235,0.6362192126738999,0.4685757805054513,0.39009656820960414,0.4021328094728982
0.655936779181344,0.8500658684371469,0.8128360460641524,0.7455796926306917,0.8044275191367257,0.8133007759389704,0.8087175346201586,0.7745274067603143,0.8167017360365479,0.8119769114661665,0.7613468145143977,0.7783387069822564,0.6791641342431253,0.7578500029521541,0.7930428624208931,0.7643302244880533,0.7751369086281071,0.7861777059217449,0.8465805971733555,0.8404952517566413,0.816391397486636,0.8133690092513687,0.7869991887397749,0.8677921030304531,0.8008676291236031,0.884603569342161,0.7335028308751915,0.5870457635950049,0.6850842886936143,0.7361982318613298,0.8039465195149726,0.6114093376619032,0.8690399215265079,0.8924078180760757,0.8577110212704009,0.7602768605069384,0.691035083422326,0.6095120704773863,0.5303570251156947,0.7850586431969923,0.8252891356483649,0.7794762245279493,0.5862129544909285,0.41813668337390997,0.38344994832236956,0.45372202420977553,0.7383846504416363,0.5872739522276604,0.6774300122806168,0.5850500103022339,0.7789757994171674,0.7935669011049853,0.8286781248662134,0.7979779640738032,0.79189108774255,0.821941240122622,0.8678539860196702,0.8288719184824336,0.8685620258858141,0.829477237775204,0.6215315445977393,0.5615728651436809,0.36940461341686354,0.308902640391117,0.4217188945812052,0.3800865974451698,0.5966581733421252,0.8781048100789587,0.8320727584320164,0.8545672055842477,0.7747466283161577,0.3143115278203914,0.5849810598459494,0.531637654326108,0.6626237464135941,0.870083989642171,0.8537160156449244,0.5496223114461184,0.7388691998418948,0.7791378092512345,0.5438329091984012,0.5103317875852679,0.38832684822725727,0.4218502520135799,0.7487784901567704,0.7781469430884338,0.613536793132223,0.840264306128247,0.7901205385899353,0.6031899587577254,0.68031821786293,0.8633856042643541,0.917443009453554,0.5999691639369683,0.4103365291259504,0.4649700484693615,0.6338825767874604,0.4497498800344769,0.3940822891733608,0.40900776163721103,0.5041384184913822,0.5127166767314809,0.4375685705291785,0.47716888644658084,0.4871895163934417,0.47085768489119506,0.6040928901460236,0.7193655580873566,0.40615597293798744,0.42065366123423953,0.47189245926878537,0.6406528582673624,0.6798439931052974,0.5138792819126659,0.6059107700115764,0.6242891478171001,0.4631341758930488,0.3802465022327959,0.39889381294560183,0.4076291873170546
0.7975963995135,0.810728457398,0.7290422559134,0.8370264892079999,0.7764321508736,0.8522376770294999,0.8002672287867,0.8257644910512,0.7769873050188,0.7633652593688,0.7293535840781,0.6812859134509,0.7530504937466,0.7781741270496,0.7791392385525,0.7927427275677,0.7976238890944,0.8310226393560001,0.8364618777124999,0.792957205866,0.793311835968,0.8162556644412,0.8609597480375,0.838854993732,0.8535302197029999,0.7057376057622,0.57370608729,0.628770272477,0.7456061238322,0.8607809269705001,0.5890523635743999,0.8131923975395999,0.8647741661966,0.8632796696355001,0.7808319073152,0.7071312845609999,0.631070117019,0.5444389124464,0.8227606640166,0.8203681856681999,0.8059172861595999,0.571168861839,0.42234843015900003,0.394986256592,0.47159029794679996,0.72219094476,0.5687358568272,0.6894749201579999,0.56675919051,0.780918760266,0.745662859552,0.7753759430984001,0.8357759107235999,0.836399541561,0.834057136112,0.8422632734121,0.8905347993040998,0.8547954908865001,0.8135304626300001,0.6031145880524,0.5712620514325001,0.365519092841,0.2959014529792,0.4288388241168,0.3960862017815,0.6029440442128,0.8817969316266,0.8420334047768,0.8489089674988,0.7651100116614,0.3043341980042,0.5490302693281,0.5271978224105,0.6439728155669999,0.8467600276814999,0.8306514417255999,0.529468880598,0.7237188852516,0.7434334559786999,0.5331249604725,0.4810568892304001,0.38685055826229997,0.41057475784259995,0.7112258433006,0.721977930336,0.6425186101486,0.8468978259020999,0.8265918467818001,0.614175515415,0.7231877124425999,0.8607381327852,0.8783710758172,0.6336037676849999,0.428924506318,0.487599887979,0.6291063263319999,0.4457636693334,0.4208714252548,0.4053994368512,0.5066344990575,0.5134503819732,0.462498862455,0.4822847478049999,0.5083916289092,0.47160641838600004,0.5804445091553999,0.7390041931102999,0.42565430003939997,0.424468529172,0.4294680551876,0.64025898052,0.62080651136,0.5385087095472,0.6106171116822,0.6819111410868,0.44642615155800003,0.3851715352212,0.41863690645650004,0.405649755738,0.40396340334040004
0.7916492314502477,0.7543556949661083,0.8004279822136743,0.8259870459462295,0.8393831672338414,0.8368225474954858,0.7763408636598522,0.7891090755544335,0.8027380359632023,0.7840130477371436,0.6505417691000748,0.731763550509146,0.7725721740975068,0.8023576568819467,0.782216638977593,0.7799833015950554,0.7704170746694446,0.7912226795683586,0.793340475633364,0.8509112227866313,0.814915882195025,0.862923704687147,0.8530932623793969,0.8126442332466389,0.7471807567696086,0.5737460865199953,0.6853699240193859,0.7713734306568701,0.8391821995537274,0.6137487848780968,0.822286450221492,0.8819330730159243,0.8442070502170991,0.7902388947438616,0.661315562072874,0.5769238591694138,0.5391194934211052,0.7846767129990077,0.8332999854912351,0.7540531314912507,0.5866416725524718,0.39234146156289,0.39017064185963046,0.4475090244680245,0.7285475788193638,0.5773781044491396,0.6981978741427833,0.622203238799766,0.7765029409808325,0.8121817874390148,0.7950321396961867,0.7871511416934969,0.8124036799278501,0.8732440473381781,0.8852957015245299,0.8666979979601663,0.9273504497309859,0.814156360230796,0.5787080460156607,0.5384678832520192,0.3518405984691365,0.295652578892083,0.4260139130043948,0.37288037596573015,0.6179094119916748,0.8366177686330414,0.8466549151943836,0.8811840213705524,0.7947939953547423,0.2984175286688086,0.5487256018006507,0.526129315284392,0.6725723425593058,0.7909550825073289,0.8103644198340757,0.5577498816278816,0.6787436180797053,0.7439321203833654,0.5466871506120988,0.5189155288435323,0.36289212175624264,0.4134394955874201,0.7147585023546296,0.7572321422635664,0.6385540165475772,0.7997415516013532,0.7931005785393648,0.5921422203272747,0.73298247532477,0.8248001121436459,0.9223086822320461,0.6195236841660317,0.4148448074200496,0.47810593902463855,0.6093837052725396,0.46858284632052305,0.42329817404133924,0.41596273934198896,0.5000190134390178,0.5195526608449191,0.4629333448533215,0.4881608609826192,0.5297467638877583,0.465377594413805,0.5829672601093764,0.7044118029160433,0.4274720611798126,0.4057607434317604,0.45966796835761464,0.6060330595086375,0.6492166695027026,0.5455706605337342,0.6237334809290236,0.6429584995220999,0.4457210424209513,0.3980131992754042,0.4115675620598982,0.4141827114985454,0.40434128033983574,0.37420562594436796
0.7959529285574917,0.8402589918215256,0.7977201976605705,0.8325746338141587,0.8176303420681142,0.7562394623330478,0.7761566909501665,0.8236302476471977,0.7277215833118563,0.6282414384527253,0.7067464178306542,0.7822839709680931,0.7584595083030533,0.8394956600422072,0.8407961975169447,0.8357659189899554,0.8489980408566413,0.7873997979350361,0.7971974000123687,0.8149705666489749,0.796093864736053,0.8231901009456031,0.850174748785261,0.7267120298779914,0.6219649167850049,0.6563450247456142,0.7069428818750298,0.8478327098386728,0.6297790808691032,0.846527957449308,0.9030851140449757,0.846100390009701,0.7521691809581385,0.646051147628126,0.6025805457918862,0.5289907359356947,0.7721275594493923,0.9053690181790648,0.7997572755496494,0.6062067877303283,0.40053020148890994,0.38194176124936957,0.4753338269373755,0.7051029593126363,0.5862482789060605,0.6927516771730168,0.593446442754234,0.7605050571231673,0.7922391260329852,0.8037893135174135,0.8004448351208032,0.80889276409555,0.8871309434810221,0.8142421573321703,0.9108960038120335,0.8897435834101142,0.850540043531204,0.5823547660264392,0.5292331614205809,0.37704167133986355,0.314576971847117,0.4247455852132052,0.3934878659300698,0.6514826214385253,0.8290644207469587,0.8362062830208165,0.8269399906656476,0.8329667432918577,0.3080359616227914,0.5964060992659493,0.546559911591108,0.6740334749776942,0.8460363722501711,0.8164641413897243,0.5332936191501183,0.7180345439714948,0.7352304303741345,0.5689756822703013,0.5050212241340678,0.3588636010907573,0.4162618968851799,0.7355673140513704,0.7738223590164337,0.666899801834923,0.8547525788356468,0.7838870616743352,0.5913131213127254,0.67558330890413,0.8461488732259541,0.8517564348579538,0.6229866793069684,0.4264414853639504,0.47379475198636145,0.6004694094454605,0.4650479043211769,0.3977020762672608,0.41623818371721105,0.5078039910943822,0.5468071192819808,0.44673764418717854,0.4662402665455809,0.5158047169370418,0.46660424232569503,0.5694869121442236,0.6935987228074566,0.4209394823077874,0.42843273330023957,0.46678888473558544,0.6305156835393624,0.6223933064972974,0.4963118052646659,0.5840569757259765,0.6877562181351001,0.46994001339104874,0.4111292016379958,0.38308858638960186,0.3936260454028546,0.3863465229663643,0.4077737638385321,0.38007236137546907
0.8670230202399999,0.8118130473808,0.8066477408984999,0.7498479280761,0.8203900667220001,0.82542247276,0.769892437336,0.7101461933996,0.6432237964443,0.7176137011441001,0.7730695435136,0.7973860591275,0.8493271341659001,0.8263874734256,0.856636350843,0.7733450201625,0.8619457147140002,0.845274417939,0.783772773966,0.8737392951408999,0.866296528641,0.8558141955139,0.7245929149139999,0.58786574391,0.639448622843,0.7772932787292,0.8625991872099,0.6396454437032,0.8722758422924,0.9180738387568,0.8768114844861001,0.804531278304,0.6931707527628,0.6331797114885,0.557719243276,0.8457583509348,0.903795458787,0.8263549476138999,0.6052519167471001,0.3954622966452,0.3996298852115,0.4920696044616,0.6870240162250001,0.5572255228848,0.6571367159382,0.6031240212,0.7774365711449999,0.771905943328,0.8264549415528001,0.7926056674011,0.8480933774916,0.8149134586704001,0.8205612051594,0.91234416945,0.9319885310692001,0.8490433328,0.5845957676045,0.5620455085502,0.349514158055,0.29820105046400003,0.42572565660960004,0.3649829712005,0.6004463472608,0.8828115603714001,0.824982615848,0.8303753499672,0.7579826523315001,0.3188233729016,0.5962728073298,0.5255397938255,0.6620221036909999,0.8420006034059999,0.7686466773402999,0.532613257155,0.7436973223876,0.7480710326233,0.5322523262661001,0.4755960268136001,0.3606526646301,0.4339865789486999,0.6842953689319,0.774555768264,0.6081093280173,0.8515607182677,0.7863203051297001,0.613802421045,0.722073616217,0.800156092812,0.9262950157832,0.6428107738330001,0.40715992721600003,0.44156201672100004,0.624782995992,0.47708174855159996,0.4186751499394,0.42799967043840004,0.5175264862207,0.5574726857392,0.4305419439705,0.4945913241283,0.48467314717520005,0.48718644396300004,0.5753604923538,0.7092623088615999,0.4147051302756,0.42723804173999996,0.4380492867036,0.62097969116,0.651651204624,0.5045798815136,0.6104329504943999,0.683088880536,0.48473198017850005,0.3914421340852,0.423999394038,0.38582868953280003,0.3814080633242,0.41301755960639996,0.40325504877449997,0.3878211512664
0.7628532443806294,0.8400367863898414,0.7640565220219857,0.8239993617555522,0.8092774171058335,0.7577555564784023,0.7647303339579438,0.6545688190222747,0.724079361797446,0.8272304839599067,0.8158444373069467,0.7778886532037931,0.8301579810042554,0.7819635731810446,0.8190202593183586,0.802128297593764,0.8060904174846313,0.826399732363025,0.8078222808127469,0.8388270209893969,0.856293548743839,0.7190783994514086,0.5792659526599953,0.6417337021533859,0.7424128449021703,0.7779398887630273,0.6276023785924968,0.863795499226292,0.9056314616298242,0.7994351196002991,0.7963196544054616,0.6793226248270741,0.6374390833802138,0.5502137615627052,0.8147128379064076,0.867460535595435,0.8149745897726507,0.6204908814577716,0.42701587412229003,0.3899325070586304,0.5010194705228245,0.6909878489613638,0.5665515527211396,0.6813169247701832,0.601153027863766,0.7171543263968325,0.7907811774550147,0.8300066131601866,0.8697913217679969,0.7874402429412501,0.836643360070978,0.8252504533945297,0.8990210485349663,0.8591086116819859,0.787542117298796,0.5898926801475607,0.5326870930418193,0.38213304353213656,0.299893395032883,0.4056053704571948,0.3648549744948301,0.6272757755616748,0.8457494273362414,0.8597444097255836,0.8165761770781522,0.8315519496516424,0.2996480318448086,0.5381574403371506,0.5790204271458921,0.6061767469603058,0.8839726025583289,0.7721322330984756,0.5776642664888816,0.7338270233261053,0.7787887448411653,0.5147269228026988,0.5142562609099323,0.3571871363234426,0.4357929161010201,0.7676032067762295,0.7112549852875664,0.625515379141077,0.8272193101843531,0.8374730918464648,0.6411419475872746,0.7214933579982701,0.855048885240446,0.8509064083744461,0.6464603980990317,0.42832802659604957,0.4823081787946385,0.6492201062625396,0.47305041093522304,0.3873036619278392,0.400055810765989,0.49410173195131774,0.5264244350913191,0.4464829479963215,0.4683467979447191,0.4828708827833583,0.453381930549305,0.5663864325859764,0.6835427958298433,0.4117512687952126,0.3845006616597604,0.43767291705081457,0.6245038625406375,0.6700841152627026,0.5552196626329341,0.6198660959852236,0.6404067307154999,0.47887650752945127,0.41584521479490416,0.42511489910789824,0.3973307928625454,0.3937476977672357,0.402765350810768,0.39307476933503094,0.4045638651257131,0.4626791452589657
0.7659054799021586,0.8003732628028143,0.7586895675419478,0.7576236203353665,0.7834448507647976,0.7229762279677563,0.6345418230084252,0.7045083046136541,0.7681482011760931,0.7548101441880534,0.8239469704104071,0.8116286302597447,0.8273906419005554,0.8521048291816413,0.8618088324782361,0.7782347516153688,0.8218608767497749,0.8592447436041531,0.8565059705446031,0.811516343393361,0.7669511379145916,0.624844846945005,0.6485010513286142,0.7067218087013298,0.8191537869717727,0.5941381173043031,0.8806724977597079,0.8700983460109757,0.820623825013201,0.7548977269601385,0.644567419610926,0.5709969028770863,0.5557700038636947,0.8040460573073923,0.9025366107583649,0.7873067461579494,0.6074344792450282,0.39622179180410994,0.4212736925478696,0.45216484191717554,0.7130789637226362,0.5792395112084604,0.6345835865638167,0.5527651362262339,0.7632302486091673,0.7378784524969852,0.8413665384950134,0.8514268367588033,0.8469599321249501,0.8281819103018221,0.8710278062779703,0.8959509374172336,0.8623582224268141,0.806536740033204,0.5800322736930392,0.5525199295314809,0.38939251142586356,0.302063577741517,0.4101309933044052,0.3648421745554698,0.6485478275199252,0.8445375091051587,0.8674660627236164,0.8766516563812476,0.8044573059722577,0.3270472356919914,0.5506488163888493,0.5615374364756079,0.6595295827351942,0.873757931188171,0.8372957815982242,0.5666681422551184,0.7138248018606947,0.7254316797218345,0.5742660271466012,0.49094322102286786,0.39181739852495734,0.43459339514727985,0.7135002946225704,0.8045496668964337,0.678157552181023,0.8057922089968469,0.8419568203091352,0.6631959699327253,0.67600109498873,0.8929584271243539,0.8502615596663539,0.6562065528409683,0.4057588929859504,0.4733278364563615,0.6125747343974605,0.4576470902119769,0.4241387235822608,0.43722706609801104,0.5068614152821822,0.5335467424158808,0.44143396432617854,0.4529833754482809,0.4996863508554417,0.480177025343695,0.5946759044794236,0.7476877819900566,0.41169446347998745,0.4165401205082395,0.4225729602399854,0.6611759727473624,0.6608024488492974,0.5382639883046658,0.5953521952443764,0.6691741068255,0.49012759894254876,0.3947472621057959,0.4235290002561018,0.3756907891402546,0.4069864181631643,0.384706293754132,0.409221465658469,0.3839896195458869,0.4756610774000343,0.46437714603443925
0.7592319619622999,0.8160431058675001,0.7262160359395999,0.7781497106679999,0.7834355703807,0.6195811162559,0.6971722670955,0.8064456666335998,0.8295956641424999,0.8378659866538,0.8553934475124,0.826956970866,0.8196198146874999,0.8302438523147999,0.856520663958,0.7881202315296,0.8543210222694998,0.834071606913,0.8494698182614,0.6824032576547999,0.57070616004,0.661200818033,0.7844413113455,0.8406974161443999,0.5979626044655999,0.8295114793056,0.8705902542446999,0.798544135628,0.7644606313031999,0.6525705588376,0.60876868977,0.5482098705831999,0.8666281379957999,0.8795054193912999,0.7557236425113,0.5954888461302,0.420069944268,0.3825635578065,0.46677718904239995,0.767364133373,0.5452593341328,0.6456115697802,0.6109291555919999,0.741252084192,0.78573042496,0.796685971116,0.7977038675649,0.7755252467166,0.8548874811696,0.8951030917664999,0.9156459864441998,0.8991083727365,0.847982028634,0.6444305042992,0.5800423082612,0.384849253804,0.3118194459584,0.4128406022048,0.38748481455909994,0.6143085653443999,0.8653092145235999,0.8400527575779999,0.9194926043597998,0.7740792728406,0.31537796400879997,0.5509725260295,0.5842892733539999,0.6767838429067,0.8018377424144999,0.7751004011695999,0.538350365259,0.7529016737823999,0.7555509949532999,0.5160540538098,0.49974406062,0.3532587032467999,0.4032506257424999,0.7434553058873999,0.724026417528,0.6394020577928999,0.7958558076858,0.7736893124323,0.61100421327,0.7304989689231,0.8638644026304,0.9118738668759999,0.6626556046519999,0.439910833054,0.457250378529,0.602672249396,0.46042991680589995,0.4106628122147,0.3875919401856,0.5108760902124,0.5705720053964,0.44164371452699996,0.45572344987169994,0.498343153852,0.47050721412749996,0.580040098728,0.729705417844,0.44704139428619993,0.40508194119599994,0.46686415884679994,0.643430734576,0.6206760898239999,0.5260279350927999,0.6474493492422,0.6449432083757999,0.4740633700465,0.38470124030639996,0.3990416510835,0.4188103017204,0.41682424712780003,0.3766902172626,0.36080714890349996,0.43218057328559994,0.492560634587,0.48595201714909997,0.5099505060093
0.8060582687742522,0.7911336967140336,0.7809545625064023,0.7408529110360437,0.6204038471016747,0.701698229627446,0.7535674169327068,0.7878395344244467,0.820928067287693,0.7883053498706554,0.8039994963968446,0.8147688647683585,0.8535411625209639,0.8744708768556313,0.816884542223825,0.8321366139380468,0.8058468276583969,0.885562275802039,0.7687090407820086,0.5720061287149952,0.6451613207893859,0.7897961951318702,0.8612492670046273,0.6478029932156968,0.8967684131534919,0.8814990365944243,0.894993120767499,0.7478294940270614,0.6509294659524739,0.5951869198625137,0.5452404689475052,0.7744464252240075,0.900762780420635,0.7561673723313508,0.5526755406457717,0.4129721156304901,0.39346483994013043,0.4607686676262244,0.6896101754723638,0.5856404728731396,0.6726391676629833,0.549473577419766,0.7520519173703325,0.8052304944150147,0.7677845847881867,0.8738205444780968,0.8259220860036501,0.7959103371445779,0.9027088234822298,0.8399359023229663,0.830216612715786,0.8304841166307958,0.5818861934192607,0.5619727943897193,0.3735824619341365,0.29487609142968296,0.4125235204731948,0.4053659723503302,0.6360801573174747,0.8228357281828413,0.8036834824899837,0.9109763785241524,0.8578991543655423,0.2937723791794086,0.5823152176954506,0.529832245790892,0.6883010079245057,0.7861956582318289,0.8616674396416756,0.5136734453288816,0.6806701102321052,0.7677932002160653,0.5089457211852988,0.5341458240243323,0.35917637466514263,0.44337106434332,0.7703615842048295,0.8004779829835663,0.6180102122436771,0.7934133405337531,0.8490378319135647,0.6163933543772746,0.7358373469028701,0.8809884755776459,0.8994458851840461,0.6225719497150316,0.4012783584960496,0.4472895140446385,0.6207478878805395,0.42354618485112305,0.38921523488753923,0.417408823757989,0.5454721137162178,0.540704840947119,0.4180318517928215,0.4599840279335191,0.5380099768789584,0.48143553488580504,0.5563917177373764,0.6655131094356433,0.4223596083718126,0.3839711960217604,0.4385762045788146,0.5827113385086374,0.6901690318067025,0.5560062660649341,0.5721683483450235,0.6382475417252998,0.47161081614645134,0.37861353403990416,0.4062050744783982,0.4149851838145454,0.3745541588626357,0.40060767928926794,0.388860906779531,0.38380074149811305,0.4465938396099657,0.5042812499728608,0.5099828870650045,0.5373302882383492
0.7576236203353665,0.7857254310183976,0.7189841036306563,0.6570153596710253,0.7144306065423541,0.8056865231792931,0.7898757732930534,0.7634353174619071,0.7944189576121446,0.8731700690979555,0.8008428218191413,0.8270681905226361,0.8728838148263688,0.816036924164575,0.8142673765259529,0.8814299334436031,0.8111779766065609,0.7366092611185915,0.6258048236650048,0.6896983907036143,0.7753281836062298,0.7974173122916727,0.6496135212091031,0.8894596956337079,0.8575112897874757,0.8909558503478009,0.7704114599429384,0.6982513969605261,0.6439285973940863,0.5372431225828947,0.7972531462247923,0.8353313074126649,0.7534005875000492,0.5445299044918284,0.38801924259650994,0.41389151371686955,0.5060999740517755,0.7045953953956362,0.6105225475172604,0.7073275973140168,0.5988863849062339,0.7399147214511674,0.8353527636649851,0.8050906892742135,0.8010204383651032,0.8688547738673501,0.7923402234618221,0.8396327193985702,0.9095057650776335,0.9122545273899142,0.8193540288072041,0.5954340649566392,0.5731889813207808,0.3510245170758635,0.28969950814791695,0.4057206726692052,0.3757859038339698,0.5874791370435253,0.9032168715127588,0.8423204548084163,0.8812417579194477,0.7909233315143578,0.3178492244513914,0.6102303969641494,0.5575029002521079,0.6273631728284942,0.7768159735766711,0.8435861200141243,0.5171304203571183,0.7065469426182948,0.7721066446610345,0.5844649394339013,0.5184479317276678,0.3780053285297573,0.3985231029548799,0.6771332658928704,0.8069016336724337,0.680765279662323,0.8599150668118468,0.7870038001321352,0.6597759382077253,0.7039231316428298,0.891437539091554,0.9009114485111538,0.6626141314439683,0.4120427389599504,0.4807984849363615,0.6117100683294605,0.4478094226765769,0.4128726446495608,0.44193716962441104,0.5594885647966823,0.5222190520565808,0.4687613995421785,0.4675707072291808,0.48504720191424167,0.44681856567269507,0.5724333309724235,0.7471909008689566,0.4075618974601874,0.41470735483823956,0.45197496927638536,0.5945691375713624,0.6606068165452975,0.5310796769590659,0.5881699089201764,0.6218682389493001,0.46506556221004874,0.3719379587379959,0.42619008431910177,0.41087920019685464,0.3887701470235643,0.401693053187032,0.36105199094146906,0.38945359944788693,0.4417851471650343,0.4376123896935392,0.4898581612444955,0.49954938455775066,0.95
0.8228962680576,0.6977932048848,0.6365986497981,0.7337281163065,0.7965506277791999,0.8294369961375001,0.8304122333767001,0.8480409582592001,0.7987412315454,0.8824096418874999,0.8428096164264001,0.858572898633,0.80797088682,0.8687602508148999,0.777258398554,0.8452402334264,0.7612921373244,0.553486577625,0.696993066482,0.7534910670275,0.8181344595373,0.6024177249111999,0.8052420756536,0.9240635413735,0.8846632782882999,0.7275862810476,0.640026312874,0.5938207061004,0.5710542256728,0.8411751820116,0.9118635284095999,0.8003576158023,0.593968847112,0.44123914954619997,0.40625797050600004,0.5010351994796001,0.7364752435670001,0.5852605936751999,0.7212029695812,0.557121032132,0.80998746945,0.7301981851839999,0.8384926673032,0.8877446607803999,0.8152511148780001,0.8625618188223999,0.8848953995844001,0.8260624779963,0.8427423870233001,0.8807191802159999,0.5788506549903,0.5743160538077,0.37531206663699995,0.3198232398016,0.43848099570160004,0.3925918882224,0.5958256078996,0.8505125453286,0.8155960704276001,0.8304619556566,0.8315786436144,0.3268831687044,0.5711377206058,0.586278907656,0.6511280690733,0.8596188230925,0.8607143577912,0.529965361107,0.6898982452428,0.739020278204,0.5485051383603,0.47709901646960007,0.3726631602781,0.41789888994269997,0.7177588424736,0.759381789064,0.593417009769,0.8050983264818999,0.7965727342672,0.57431660022,0.6598234896116,0.9037454666016,0.8110137583604,0.640509022296,0.409989738648,0.49292272502100004,0.624165377372,0.4775330177046,0.4246945711742,0.42378536728320004,0.4847981594082,0.5152220112711,0.452340967128,0.48703632167499994,0.5327222004944,0.4981306950585,0.56039730654,0.6591482986477999,0.43408984717259996,0.42560891669999995,0.4337586709456,0.595543467456,0.6877127593279999,0.5373025842847999,0.6015932134799999,0.6746484144834,0.486709351884,0.4187192391436,0.402146249157,0.4230634049952,0.39555890056140003,0.3827709279141,0.40240454440549994,0.41052702330359997,0.497169604687,0.45843464903060005,0.4793019900276,0.5081845350645,0.8896710188352,0.7156416678411001
0.7985504061722437,0.6737297823617746,0.714903097607746,0.8289581891567067,0.7748287580144467,0.798967546879893,0.7994552786282553,0.8801088105296446,0.8802566923558586,0.753343566336964,0.7625830423746313,0.828450419893025,0.8188591624020469,0.8804508782213969,0.8568856906207389,0.7278919922350087,0.5637263295049952,0.6351421278533859,0.7308433488118702,0.8612492670046273,0.6425544951564968,0.9003669799018921,0.8844504842606242,0.792168033847199,0.7956180282906615,0.6555829765518739,0.6452144458535138,0.5765558169531052,0.7518579498168076,0.800770215417135,0.7489632924317507,0.5668232238151717,0.3937914071298901,0.3734615166561304,0.4763404905522245,0.7722705848123638,0.5810249429259395,0.6274877127145833,0.547936202463766,0.6939144990023325,0.7792998283030147,0.8437523945913866,0.8390376627153968,0.7818006624924501,0.8574737051285779,0.8943882676699297,0.8505364726727663,0.8963314324359858,0.859220967894796,0.6236299372011607,0.5114181479288192,0.3669685505271365,0.27555349957688297,0.44322281116919476,0.4123545994685301,0.6712976843406747,0.8954662358314414,0.8271929035887837,0.8513050585275522,0.8164163214117425,0.3164751627766086,0.5911124980488507,0.582004878598892,0.6181666312141058,0.7868636476038289,0.8268663465874757,0.5212309819658817,0.7391070388549053,0.7335349727446653,0.5570496818130988,0.5095969929763322,0.34427585350184264,0.43837541354672,0.7149762689937296,0.7683850169755663,0.6370911450336771,0.8217237584677531,0.8482176375825649,0.6399604820822746,0.6971921340773699,0.7757937199756458,0.9447318101060461,0.6728372265230316,0.4384820558520496,0.4789930785316386,0.5747970625525396,0.42625379976912303,0.40345035267253926,0.437199521908389,0.5250496377852177,0.5443554710155191,0.41600926201532146,0.4624548463459191,0.5402032988457582,0.45309518161230494,0.6127203129823764,0.7220865742237432,0.4461751177024125,0.4097928279057604,0.41635533139001457,0.6172896768446374,0.6876910226227025,0.5228116012345341,0.6277236399980235,0.6303305154278999,0.4504115520479513,0.39440760492860416,0.41426896557839826,0.3935190493615454,0.38933044746943574,0.396292336246268,0.41797135177303096,0.39116699588451304,0.4622182482489656,0.4936976468503609,0.5090114602510045,0.4714724226025493,0.9331395684337845,0.6759339920933667,0.5901160793122923
0.5977787543638252,0.6957796630673541,0.7637504061296931,0.7940804754255533,0.8027077809649071,0.7385885172389447,0.7964915613765554,0.8157227027441414,0.8661616788698361,0.8517047529803687,0.7616526908689749,0.8641408038580529,0.8548275892046031,0.7857158758998609,0.7548143871961914,0.604325344555005,0.6653095657936142,0.7651588176160298,0.8233688447994727,0.5799183493067032,0.8317989400605079,0.8073366794620758,0.797402562491801,0.8087670208853385,0.690967641239726,0.6374792657301863,0.5010091335292947,0.8801593983533922,0.9111196635483647,0.7988959181703493,0.5668037362585283,0.44738415681111,0.38722041600486956,0.48491285740397555,0.7807299829456362,0.6056790901652604,0.6367530258406168,0.554184251570234,0.7144796009151674,0.7201487500649852,0.7910195639038134,0.8828383280906033,0.84181796171575,0.859047927674622,0.9013935460465702,0.8558946838823335,0.8489757321081141,0.879521811141204,0.6384612913438392,0.5780971994237809,0.34203544411386355,0.298658978867917,0.4315772583540052,0.3797794050443698,0.6200116398433253,0.8842771349431587,0.8560127550088164,0.8511029780082476,0.8213547533723577,0.33166162260199145,0.6026327457498494,0.5791678070961079,0.5891373590515941,0.820151784085171,0.7639357309816243,0.5158616368341183,0.6992690833758948,0.8080852634683345,0.5260529872430012,0.49279690826526784,0.3896404961887573,0.4343393790050799,0.6944094192614704,0.7550066248084337,0.597572412697923,0.8811478802623469,0.8116916494952353,0.5804933845827254,0.7347000398750299,0.9008163486271541,0.9516492711907539,0.6040127815019684,0.4018887097039504,0.4288307864473615,0.6399352392634604,0.4149119014228769,0.4073819563610608,0.38839072953481096,0.48701495790308225,0.5414922313882808,0.42084849503517857,0.46747567575178084,0.5532952203230417,0.484956174293695,0.5927116252606236,0.7457712405229565,0.42238801060338743,0.39678697939823954,0.4680534872747854,0.6591858525553624,0.6348485631852974,0.5039156384406659,0.5767519152765764,0.6177461508771,0.43195608249004874,0.40544647141749585,0.4243353893661018,0.3799438924150546,0.3644166343197643,0.411343729446832,0.363564844758969,0.3733449772182869,0.4703607617850343,0.4763718962399392,0.4827181741615955,0.5054531808589506,0.9338645689879154,0.7250473364820332,0.6162647090770077,0.7223201164536868
0.7537965314856,0.7964720957247999,0.807778813455,0.7731064958162001,0.8347903182863999,0.7841861383512,0.7709740501249999,0.809383041306,0.7717223271870001,0.8253607170744,0.8349027493980999,0.8924792775449999,0.7772285092796,0.7114447683024,0.557206487415,0.6923789644720001,0.7763352949765001,0.7840834041449,0.6059574096488,0.8403071795507999,0.8474995166209,0.8839950405179,0.7904207975508,0.731073259384,0.599727570615,0.5352027975895999,0.8068832573897999,0.8298095437372,0.8041945714009999,0.6222057519501001,0.4184957176524,0.40447195949849996,0.4898989867204,0.76207096681,0.5405298404832,0.7041186352764,0.586035507266,0.8197527389414999,0.8421999177280001,0.8057956014136001,0.8893070124434999,0.8004886837032,0.8075764545408001,0.796028432352,0.791567179399,0.8491234420097,0.7592406726,0.62340583686,0.5839143469869,0.342644460019,0.32059972726399993,0.46455377357440003,0.3507369236134,0.6382240136598,0.7970754314358,0.9233260550232001,0.8506410812867999,0.8619299827833,0.3030421696694,0.5374909795139,0.5641718598559999,0.6787176952056999,0.909133535292,0.7853119895071,0.550486555479,0.6522959724904001,0.7275759358391,0.556849702959,0.456407858872,0.39976184108389995,0.4391939098638,0.7385918509475,0.7858603827680001,0.6919382260747001,0.8858662835289001,0.7659794857209,0.589053827835,0.6487521583697,0.8269406209451999,0.8587618306568,0.6749730858499999,0.414567374788,0.47125784442900004,0.610021910974,0.461197074366,0.3719026200744,0.4091179396352,0.5263238604679,0.49868680449069996,0.4464529835535,0.469455498356,0.5295597362632,0.47710243967849997,0.5840264300838,0.6701506663293,0.43528275282780005,0.42418343229,0.43904290298439996,0.57931154964,0.70818894048,0.5109775894272001,0.6024526323564,0.599338519704,0.475948770975,0.38035101234450003,0.38960689849650004,0.4054090140432,0.361784526603,0.40583839799849997,0.392855699899,0.37964541837599997,0.430662166144,0.45156706656,0.49023054168510005,0.4935268339029,0.9566233021404,0.7445536746218999,0.5829655715703,0.7767325563508001,0.6746234252982001
0.8321780033871067,0.7618973156069466,0.847537165008093,0.8538313804678553,0.8462824486928445,0.8098634095183586,0.8978909182089639,0.7726800369756313,0.752985118789025,0.8746244588532469,0.899500506430397,0.7833755061884389,0.6578167053490086,0.5620463702449952,0.6973006735023858,0.6857444213770703,0.8075279417496273,0.6395640718436968,0.8719131963098921,0.7873131331289243,0.7648538149820991,0.7733998679886616,0.713853022318274,0.5695101414623138,0.5882512523339052,0.7483387308222076,0.8069500134259351,0.7878809849328507,0.5451340070554717,0.42361885879389005,0.39513178354713047,0.4598721081244244,0.7452971880803638,0.6063248848587396,0.7394172204019833,0.573243759431766,0.7148833334918324,0.7810181254550147,0.8169115196073866,0.7485857243253968,0.7643843111064501,0.919796073539778,0.8442933749443298,0.8531431702997664,0.8221516682190859,0.8261572611847959,0.6447157228596607,0.5805149516677193,0.3425226569841365,0.288156488389683,0.4351372233379948,0.39542061837443016,0.6005504181752748,0.8176780320634414,0.7979998861803836,0.9121888581757522,0.8447655933531423,0.3012476859736086,0.6011665327384507,0.548567968801392,0.5963785619787058,0.7619810434968289,0.8218013987720757,0.5003788005878816,0.7172734611277052,0.7379481505193654,0.5043098519637988,0.48078969123633225,0.35748739871464263,0.41263511113712004,0.6714955300534295,0.7020747278715663,0.6325117211640771,0.8155620792703531,0.7542233672499649,0.6013452147872747,0.66961825249377,0.8848751894392458,0.8597877256892461,0.6727128075210317,0.4157603346480496,0.42921988303363856,0.6426733488905395,0.450125937962823,0.4326526800143392,0.44269464268918896,0.4908550819315177,0.4981320520612191,0.46329291636932146,0.4640703814617191,0.4963878669973583,0.510349386033305,0.5242122022999764,0.7535320508876433,0.39577485377021254,0.3704901863157604,0.44476372414561455,0.6536715616046375,0.6263929007027025,0.4770312814921341,0.6075886834652235,0.6677564579246998,0.43390279757645134,0.4087907910729041,0.41926857806039824,0.3937597910563454,0.3972267710106357,0.39134930694246794,0.39218560567653094,0.3921788440145131,0.4454876867859656,0.47888060247886083,0.49463434340380447,0.5196697941304492,0.8915308047977846,0.6633544891430667,0.6334594783423922,0.6891405758061133,0.671278341156636,0.6899774157502879
0.8180393441805532,0.749970472832307,0.7532126991601448,0.8111279679405554,0.8312566443691413,0.7701526707230361,0.8810106641393687,0.839824899512575,0.813271567660753,0.7738456895496031,0.867854413395561,0.6691347065293914,0.6159650622850048,0.6262874459376142,0.6866041498946298,0.8247738640753727,0.6026211548651031,0.8102075395701079,0.8746123247945757,0.8796793379723009,0.7637849910809384,0.6459837054455261,0.5934188783814862,0.5098626874156947,0.8768038639631922,0.8846838609551648,0.7859755574808494,0.6377759981083283,0.41130122570090993,0.4210752468803695,0.47288008514297547,0.7144566372116362,0.5937129014132605,0.6384479002756167,0.5433043672662339,0.6916939721016674,0.8542540323369852,0.7508395874126135,0.7479004818197031,0.7723184261849501,0.9043349531642221,0.8229058288480703,0.8744022370340335,0.8509254989095141,0.867439271405204,0.5734926242279392,0.5836598466071808,0.36227912875186347,0.30436317522631695,0.42746960678200524,0.3587751246396698,0.6022779914841253,0.7790094026701587,0.8026213957368163,0.7838103573444477,0.7419928084742577,0.3188643895715914,0.5899509519936493,0.5828707376026079,0.5953901481516941,0.900561004739671,0.8070694801192242,0.49865031252211833,0.6967717787338948,0.8013532973713344,0.5617219104296013,0.5015142482700679,0.3592764618786573,0.38391717477837983,0.7317201034272703,0.7635040531604337,0.641712970552123,0.7779813866734469,0.8427770146401353,0.5677459936077254,0.7173619173641299,0.783538982542354,0.8394456979859538,0.5763917630579684,0.3768365555559504,0.4659505710823615,0.6026310746154605,0.44519206158917696,0.39489572447536075,0.441689269438811,0.5621068309416822,0.5684961567471808,0.4451195723651785,0.4642446055201808,0.4789773108898417,0.514204565867695,0.5473598844736236,0.7027555320391565,0.3952920107209874,0.38794897605623957,0.46570493970198534,0.6307644485633624,0.6803004684812973,0.5745526266342659,0.5811717837837764,0.6309630046959,0.4514538872140487,0.40356529175829586,0.37744386261960183,0.3759315308350546,0.4101918564323643,0.41169680296853206,0.397507700939969,0.3676381537650869,0.43344291128403434,0.5139554468838392,0.5062267030603955,0.49863327823515063,0.9243134664260154,0.7103133330264333,0.5992796325340077,0.7982917284503869,0.672173504110364,0.716692263062012,0.5451975726751851
0.8289695714521,0.7532665638196,0.7746724740846,0.8478261823749998,0.7403124032808001,0.7950357130950001,0.8671947426864,0.8085138144703,0.845652438159,0.7634400627175,0.6616696418442001,0.5776659912600001,0.63608691995,0.8056643360207,0.8006130426849,0.5581716656911999,0.8303483552936,0.8674651920098999,0.7779958241882,0.71331988338,0.635642571005,0.5484342879423001,0.5848810721744,0.7712818559328,0.8226856099215,0.7789802917524,0.5363842689225,0.4458789753606,0.3734350571015,0.46776812322859995,0.7440887023220001,0.61825308552,0.6340864236222,0.6236420638819999,0.7666872047279999,0.75487918064,0.8805433714448001,0.8277996943382999,0.8806868350854001,0.8945241701456,0.8685974036634,0.8817589172931999,0.956271990323,0.7407903078679999,0.6518869270538,0.5056010003657001,0.3800258488,0.2815662998272,0.4316493225608,0.36237183579369997,0.6796233406392,0.823540331196,0.9228093644496002,0.8014490497076,0.8737021380810001,0.2930443313644,0.5648539489248,0.5893186267285,0.6731739852819,0.838660656546,0.8861207895748999,0.5503210619760001,0.6879717530903999,0.7561493919396999,0.5844467597364001,0.5170785413192001,0.34136080599549995,0.4427924718783,0.7257436192405999,0.7190190043920001,0.6529495200738,0.7588024665663,0.7623706306645001,0.61734681756,0.7113504400456,0.8769609384684,0.9478388053092001,0.652639874991,0.453976660466,0.486899514684,0.5764852199080001,0.4406192009892,0.3712518718328,0.401391717184,0.5336026403509999,0.5591906293008,0.4102261533165,0.4587644571485,0.5125742428924,0.49808290356900004,0.5367681829962,0.7165025766262,0.4267619981478,0.411272616348,0.421609453694,0.6388285816319998,0.6908428761919999,0.5730668203264,0.6363996779741999,0.694866275028,0.44403491135600004,0.4108026080778,0.42714431156699995,0.4029213498636,0.40779429297919995,0.3888516385656,0.39741749606,0.41396730694559997,0.481130388739,0.5098474410879,0.4854705502965,0.46782496207439994,0.9968135851979,0.6368981493732,0.675628600266,0.7539937785282,0.6740580589246,0.8283375372776,0.49803550962119997,0.9156120480576
